-- phpMyAdmin SQL Dump
-- version 4.9.1
-- https://www.phpmyadmin.net/
--
-- Host: localhost:3306
-- Generation Time: May 16, 2020 at 11:17 AM
-- Server version: 5.7.28
-- PHP Version: 5.6.40

SET SQL_MODE = "NO_AUTO_VALUE_ON_ZERO";
SET AUTOCOMMIT = 0;
START TRANSACTION;
SET time_zone = "+00:00";


/*!40101 SET @OLD_CHARACTER_SET_CLIENT=@@CHARACTER_SET_CLIENT */;
/*!40101 SET @OLD_CHARACTER_SET_RESULTS=@@CHARACTER_SET_RESULTS */;
/*!40101 SET @OLD_COLLATION_CONNECTION=@@COLLATION_CONNECTION */;
/*!40101 SET NAMES utf8mb4 */;

--
-- Database: `a1abiliti_shopping`
--

-- --------------------------------------------------------

--
-- Table structure for table `categories`
--

CREATE TABLE `categories` (
  `id` int(11) NOT NULL,
  `type` int(11) DEFAULT NULL,
  `category_name` varchar(255) DEFAULT NULL,
  `parent_id` int(11) DEFAULT NULL,
  `status` int(11) DEFAULT NULL,
  `is_active` int(11) DEFAULT NULL,
  `created_by` int(11) DEFAULT NULL,
  `updated_by` int(11) DEFAULT NULL,
  `created_at` timestamp NOT NULL DEFAULT CURRENT_TIMESTAMP,
  `updated_at` timestamp NOT NULL DEFAULT CURRENT_TIMESTAMP
) ENGINE=InnoDB DEFAULT CHARSET=latin1;

--
-- Dumping data for table `categories`
--

INSERT INTO `categories` (`id`, `type`, `category_name`, `parent_id`, `status`, `is_active`, `created_by`, `updated_by`, `created_at`, `updated_at`) VALUES
(1, 1, 'Vegetable', 0, 1, 1, 1, NULL, '2020-04-13 08:30:20', '2020-04-13 08:30:20'),
(2, 1, 'Fruits', 0, 1, 1, 1, NULL, '2020-04-13 08:34:47', '2020-04-13 08:34:47'),
(3, 2, 'Beanshoots', 1, 1, 1, 1, NULL, '2020-04-13 08:41:37', '2020-04-13 08:41:37'),
(4, 2, 'Beans', 1, 1, 1, 1, NULL, '2020-04-14 07:16:06', '2020-04-14 07:16:06'),
(5, 2, 'Broccoli', 1, 1, 1, 1, NULL, '2020-04-14 07:25:22', '2020-04-14 07:25:22'),
(6, 2, 'Brussell Sprouts', 1, 1, 1, 1, NULL, '2020-04-14 07:27:03', '2020-04-14 07:27:03'),
(7, 2, 'Beetroot', 1, 1, 1, 1, NULL, '2020-04-17 05:14:28', '2020-04-17 05:14:28'),
(8, 2, 'Cabbage', 1, 1, 1, 1, NULL, '2020-04-17 05:14:57', '2020-04-17 05:14:57'),
(9, 2, 'Cauliflower', 1, 1, 1, 1, NULL, '2020-04-17 06:02:46', '2020-04-17 06:02:46'),
(10, 2, 'Cucumbers', 1, 1, 1, 1, NULL, '2020-04-17 06:04:11', '2020-04-17 06:04:11'),
(11, 2, 'CAPSICUMS', 1, 1, 1, 1, NULL, '2020-04-17 06:25:28', '2020-04-17 06:25:28'),
(12, 2, 'CARROTS', 1, 1, 1, 1, NULL, '2020-04-17 06:25:28', '2020-04-17 06:25:28'),
(13, 2, 'CELERY', 1, 1, 1, 1, NULL, '2020-04-17 06:25:28', '2020-04-17 06:25:28'),
(14, 2, 'CHILLIES', 1, 1, 1, 1, NULL, '2020-04-17 06:25:28', '2020-04-17 06:25:28'),
(15, 2, 'EGGPLANT', 1, 1, 1, 1, NULL, '2020-04-17 06:25:28', '2020-04-17 06:25:28'),
(16, 2, 'GARLIC', 1, 1, 1, 1, NULL, '2020-04-17 06:25:28', '2020-04-17 06:25:28'),
(17, 2, 'GINGER', 1, 1, 1, 1, NULL, '2020-04-17 06:25:28', '2020-04-17 06:25:28'),
(18, 2, 'LEEKS', 1, 1, 1, 1, NULL, '2020-04-17 06:25:28', '2020-04-17 06:25:28'),
(19, 2, 'LETTUCE', 1, 1, 1, 1, NULL, '2020-04-17 06:25:28', '2020-04-17 06:25:28'),
(20, 2, 'RAINDOW FRESH P/P', 1, 1, 1, 1, NULL, '2020-04-17 06:25:28', '2020-04-17 06:25:28'),
(21, 2, 'SALAD EASY LINES P/P BAGS', 1, 1, 1, 1, NULL, '2020-04-17 06:25:28', '2020-04-17 06:25:28'),
(22, 2, 'LOOSE LEAF', 1, 1, 1, 1, NULL, '2020-04-17 06:25:28', '2020-04-17 06:25:28'),
(23, 2, 'MUSHROOMS', 1, 1, 1, 1, NULL, '2020-04-17 06:25:28', '2020-04-17 06:25:28'),
(24, 2, 'ONIONS', 1, 1, 1, 1, NULL, '2020-04-17 06:25:28', '2020-04-17 06:25:28'),
(25, 2, 'POTATOES', 1, 1, 1, 1, NULL, '2020-04-17 06:25:28', '2020-04-17 06:25:28'),
(26, 2, 'ORGANIC SALAD TUBS', 1, 1, 1, 1, NULL, '2020-04-17 06:25:28', '2020-04-17 06:25:28'),
(27, 2, 'LETTUCE HYDRO SLEEVED', 1, 1, 1, 1, NULL, '2020-04-17 06:25:28', '2020-04-17 06:25:28'),
(28, 2, 'ROOT VEGETABLES', 1, 1, 1, 1, NULL, '2020-04-17 06:25:28', '2020-04-17 06:25:28'),
(29, 2, 'RHUBARB', 1, 1, 1, 1, NULL, '2020-04-17 06:25:28', '2020-04-17 06:25:28'),
(30, 2, 'SNOW PEAS', 1, 1, 1, 1, NULL, '2020-04-17 06:25:28', '2020-04-17 06:25:28'),
(31, 2, 'SWEET POTATOES', 1, 1, 1, 1, NULL, '2020-04-17 06:25:28', '2020-04-17 06:25:28'),
(32, 2, 'SWEETCORN', 1, 1, 1, 1, NULL, '2020-04-17 06:25:28', '2020-04-17 06:25:28'),
(33, 2, 'SQUASH', 1, 1, 1, 1, NULL, '2020-04-17 06:25:28', '2020-04-17 06:25:28'),
(34, 2, 'TOMATOES', 1, 1, 1, 1, NULL, '2020-04-17 06:25:28', '2020-04-17 06:25:28'),
(35, 2, 'WITLOF', 1, 1, 1, 1, NULL, '2020-04-17 06:25:28', '2020-04-17 06:25:28'),
(36, 2, 'ZUCCHINI', 1, 1, 1, 1, NULL, '2020-04-17 06:25:28', '2020-04-17 06:25:28'),
(37, 2, 'PUMPKIN', 1, 1, 1, 1, NULL, '2020-04-17 06:25:28', '2020-04-17 06:25:28'),
(38, 2, 'APPLES', 2, 1, 1, 1, NULL, '2020-04-17 06:33:18', '2020-04-17 06:33:18'),
(41, 2, 'AVOCADOES', 2, 1, 1, 1, NULL, '2020-04-17 06:33:18', '2020-04-17 06:33:18'),
(42, 2, 'FIGS', 2, 1, 1, 1, NULL, '2020-04-17 06:33:18', '2020-04-17 06:33:18'),
(43, 2, 'GRAPES AUSTRALIAN ', 2, 1, 1, 1, NULL, '2020-04-17 06:33:18', '2020-04-17 06:33:18'),
(44, 2, 'GRAPEFRUIT', 2, 1, 1, 1, NULL, '2020-04-17 06:33:18', '2020-04-17 06:33:18'),
(45, 2, 'POTTED HERBS', 2, 1, 1, 1, NULL, '2020-04-17 06:33:18', '2020-04-17 06:33:18'),
(46, 2, 'KIWIFRUIT', 2, 1, 1, 1, NULL, '2020-04-17 06:33:18', '2020-04-17 06:33:18'),
(47, 2, 'LIMES', 2, 1, 1, 1, NULL, '2020-04-17 06:33:18', '2020-04-17 06:33:18'),
(48, 2, 'LEMONS', 2, 1, 1, 1, NULL, '2020-04-17 06:33:18', '2020-04-17 06:33:18'),
(49, 2, 'MANGOES', 2, 1, 1, 1, NULL, '2020-04-17 06:33:18', '2020-04-17 06:33:18'),
(50, 2, 'MANDARINES ', 2, 1, 1, 1, NULL, '2020-04-17 06:33:18', '2020-04-17 06:33:18'),
(51, 2, 'NECTARINES', 2, 1, 1, 1, NULL, '2020-04-17 06:33:18', '2020-04-17 06:33:18'),
(52, 2, 'ORANGES', 2, 1, 1, 1, NULL, '2020-04-17 06:33:18', '2020-04-17 06:33:18'),
(53, 2, 'PASSIONFRUIT', 2, 1, 1, 1, NULL, '2020-04-17 06:33:18', '2020-04-17 06:33:18'),
(54, 2, 'PLUMS', 2, 1, 1, 1, NULL, '2020-04-17 06:33:18', '2020-04-17 06:33:18'),
(55, 2, 'PAWPAW', 2, 1, 1, 1, NULL, '2020-04-17 06:33:18', '2020-04-17 06:33:18'),
(56, 2, 'PEACHES', 2, 1, 1, 1, NULL, '2020-04-17 06:33:18', '2020-04-17 06:33:18'),
(57, 2, 'PINEAPPLES', 2, 1, 1, 1, NULL, '2020-04-17 06:33:18', '2020-04-17 06:33:18'),
(58, 2, 'PEARS', 2, 1, 1, 1, NULL, '2020-04-17 06:33:18', '2020-04-17 06:33:18'),
(59, 2, 'HONEYDEW MELON', 2, 1, 1, 1, NULL, '2020-04-17 06:33:18', '2020-04-17 06:33:18'),
(60, 2, 'WATERMELON', 2, 1, 1, 1, NULL, '2020-04-17 06:33:18', '2020-04-17 06:33:18'),
(61, 2, 'CRUDO - SUPERFOOD', 2, 1, 1, 1, NULL, '2020-04-17 06:33:18', '2020-04-17 06:33:18'),
(62, 2, 'CRUDO - CUT FRUITS', 2, 1, 1, 1, NULL, '2020-04-17 06:33:18', '2020-04-17 06:33:18'),
(63, 2, 'CRUDO - HIGH PROTEIN (SALADS)', 2, 1, 1, 1, NULL, '2020-04-17 06:33:18', '2020-04-17 06:33:18'),
(64, 2, 'CRUDO - SNACKS TO GO', 2, 1, 1, 1, NULL, '2020-04-17 06:33:18', '2020-04-17 06:33:18'),
(65, 2, 'HERBS FARMERS CHOICE', 2, 1, 1, 1, NULL, '2020-04-17 06:33:18', '2020-04-17 06:33:18'),
(66, 2, 'HERBS MATJARRA', 2, 1, 1, 1, NULL, '2020-04-17 06:33:18', '2020-04-17 06:33:18'),
(67, 2, 'HI FRESH CUTS', 2, 1, 1, 1, NULL, '2020-04-17 06:33:18', '2020-04-17 06:33:18'),
(68, 2, 'MIGHTY FRESH PRODUCTS', 2, 1, 1, 1, NULL, '2020-04-17 06:33:18', '2020-04-17 06:33:18'),
(69, 2, 'BOWLS AND KITS', 2, 1, 1, 1, NULL, '2020-04-17 06:33:18', '2020-04-17 06:33:18'),
(70, 2, 'ASIAN LINES', 2, 1, 1, 1, NULL, '2020-04-17 06:33:18', '2020-04-17 06:33:18'),
(71, 1, 'Grocery', 0, 1, 1, 1, NULL, '2020-04-17 06:35:10', '2020-04-17 06:35:10'),
(72, 1, 'Packing', 0, 1, 1, 1, NULL, '2020-04-17 06:36:42', '2020-04-17 06:36:42'),
(73, 1, 'Store Equipment', 0, 1, 1, 1, NULL, '2020-04-17 06:37:24', '2020-04-17 06:37:24'),
(74, 1, 'Flowers', 0, 1, 1, 1, NULL, '2020-04-17 06:38:58', '2020-04-17 06:38:58'),
(75, 1, 'Drinks', 0, 1, 1, 1, NULL, '2020-04-17 06:39:03', '2020-04-17 06:39:03'),
(76, 2, 'CARRY BAGS', 72, 1, 1, 1, NULL, '2020-04-17 06:53:44', '2020-04-17 06:53:44'),
(77, 2, 'PRODUCE ROLLS', 72, 1, 1, 1, NULL, '2020-04-17 06:53:44', '2020-04-17 06:53:44'),
(78, 2, 'FILM', 72, 1, 1, 1, NULL, '2020-04-17 06:53:44', '2020-04-17 06:53:44'),
(79, 2, 'MUSHROOM BAGS', 72, 1, 1, 1, NULL, '2020-04-17 06:53:44', '2020-04-17 06:53:44'),
(80, 2, 'CHICKEN BAGS', 72, 1, 1, 1, NULL, '2020-04-17 06:53:44', '2020-04-17 06:53:44'),
(81, 2, 'BUTCHER', 72, 1, 1, 1, NULL, '2020-04-17 06:53:44', '2020-04-17 06:53:44'),
(82, 2, 'PACKAGING BAGS FRUIT VEG', 72, 1, 1, 1, NULL, '2020-04-17 06:53:44', '2020-04-17 06:53:44'),
(83, 2, 'TRAYS FRUIT VEG', 72, 1, 1, 1, NULL, '2020-04-17 06:53:44', '2020-04-17 06:53:44'),
(84, 2, 'TICKETS', 72, 1, 1, 1, NULL, '2020-04-17 06:53:44', '2020-04-17 06:53:44'),
(85, 2, 'KNIVES', 73, 1, 1, 1, NULL, '2020-04-17 06:53:44', '2020-04-17 06:53:44'),
(86, 2, 'GLOVES', 73, 1, 1, 1, NULL, '2020-04-17 06:53:44', '2020-04-17 06:53:44'),
(87, 2, 'CHECK-OUT', 73, 1, 1, 1, NULL, '2020-04-17 06:53:44', '2020-04-17 06:53:44'),
(88, 2, 'CHALK', 73, 1, 1, 1, NULL, '2020-04-17 06:53:44', '2020-04-17 06:53:44'),
(89, 2, 'STICKERS SMALL X 500', 73, 1, 1, 1, NULL, '2020-04-17 06:53:44', '2020-04-17 06:53:44'),
(90, 2, 'STICKERS LARGE X 500', 73, 1, 1, 1, NULL, '2020-04-17 06:53:44', '2020-04-17 06:53:44'),
(91, 2, 'S.A. SPRINGWATER', 75, 1, 1, 1, NULL, '2020-04-17 06:53:44', '2020-04-17 06:53:44'),
(92, 2, 'ANSTEY HILL SPRING WATER', 75, 1, 1, 1, NULL, '2020-04-17 06:53:44', '2020-04-17 06:53:44'),
(93, 2, 'SPARKLING WATER', 75, 1, 1, 1, NULL, '2020-04-17 06:53:44', '2020-04-17 06:53:44'),
(94, 2, 'CLEAR JUICES 1 LITRE', 75, 1, 1, 1, NULL, '2020-04-17 06:53:44', '2020-04-17 06:53:44'),
(95, 2, 'FULL BODY JUICES', 75, 1, 1, 1, NULL, '2020-04-17 06:53:44', '2020-04-17 06:53:44'),
(96, 2, 'SPARKLING JUICES', 75, 1, 1, 1, NULL, '2020-04-17 06:53:44', '2020-04-17 06:53:44'),
(97, 2, 'FLOWERS MON-WED-FRI', 74, 1, 1, 1, NULL, '2020-04-17 06:53:44', '2020-04-17 06:53:44'),
(98, 2, 'EGGS', 71, 1, 1, 1, NULL, '2020-04-17 06:53:44', '2020-04-17 06:53:44'),
(99, 2, 'CHOC DIPPING', 71, 1, 1, 1, NULL, '2020-04-17 06:53:44', '2020-04-17 06:53:44'),
(100, 2, 'CHARCOAL', 71, 1, 1, 1, NULL, '2020-04-17 06:53:44', '2020-04-17 06:53:44'),
(101, 2, 'CROUTONS', 71, 1, 1, 1, NULL, '2020-04-17 06:53:44', '2020-04-17 06:53:44'),
(102, 2, 'MEDJOOL DATES', 71, 1, 1, 1, NULL, '2020-04-17 06:53:44', '2020-04-17 06:53:44'),
(103, 2, 'NEWMANS HORSE RADISH', 71, 1, 1, 1, NULL, '2020-04-17 06:53:44', '2020-04-17 06:53:44'),
(105, 2, 'CRUDO CLASSICS', 2, 1, 1, 1, NULL, '2020-04-18 05:31:20', '2020-04-18 05:31:20'),
(106, 2, 'BUNCH LINES', 2, 1, 1, 1, NULL, '2020-04-18 05:44:00', '2020-04-18 05:44:00'),
(107, 2, 'HERBS BUNCHES', 2, 1, 1, 1, NULL, '2020-04-18 05:44:37', '2020-04-18 05:44:37'),
(108, 2, 'BANANA', 2, 1, 1, 1, NULL, '2020-04-18 06:00:11', '2020-04-18 06:00:11'),
(109, 2, 'COCONUTS', 2, 1, 1, 1, NULL, '2020-04-18 06:01:42', '2020-04-18 06:01:42'),
(110, 2, 'FENNEL', 2, 1, 1, 1, NULL, '2020-04-18 06:02:57', '2020-04-18 06:02:57'),
(111, 2, 'STRAWBERRIES', 2, 1, 1, 1, NULL, '2020-04-18 06:08:59', '2020-04-18 06:08:59'),
(112, 2, 'ROCKMELON', 2, 1, 1, 1, NULL, '2020-04-18 06:09:12', '2020-04-18 06:09:12'),
(113, 2, 'tuna', 71, 1, 1, 1, NULL, '2020-04-27 13:12:58', '2020-04-27 13:12:58'),
(114, 1, 'Testing Category', 0, 1, 1, 1, NULL, '2020-04-28 11:10:42', '2020-04-28 11:10:42'),
(115, 2, 'Testing Subcategory', 114, 1, 1, 1, NULL, '2020-04-28 11:10:58', '2020-04-28 11:10:58'),
(116, 1, 'temprary', 0, 1, 1, 1, NULL, '2020-05-02 11:04:40', '2020-05-02 11:04:40'),
(117, 2, 'sub', 116, 1, 0, 1, NULL, '2020-05-02 11:04:51', '2020-05-02 11:04:51'),
(118, 2, 'asddf', 116, 1, 0, 1, NULL, '2020-05-02 11:05:55', '2020-05-02 11:05:55'),
(119, 2, 'Bins', 2, 1, 1, 1, NULL, '2020-05-07 03:42:37', '2020-05-07 03:42:37');

-- --------------------------------------------------------

--
-- Table structure for table `delivered_product`
--

CREATE TABLE `delivered_product` (
  `id` int(11) NOT NULL,
  `ordered_id` int(11) DEFAULT NULL,
  `product_id` int(11) DEFAULT NULL,
  `order_date` datetime DEFAULT NULL,
  `delivery_date` datetime DEFAULT NULL,
  `paid_quantity` double DEFAULT NULL,
  `unit_id` int(11) DEFAULT NULL,
  `price` double DEFAULT NULL,
  `is_active` tinyint(4) DEFAULT NULL,
  `created_by` int(11) DEFAULT NULL,
  `created_at` timestamp NOT NULL DEFAULT CURRENT_TIMESTAMP
) ENGINE=InnoDB DEFAULT CHARSET=latin1;

--
-- Dumping data for table `delivered_product`
--

INSERT INTO `delivered_product` (`id`, `ordered_id`, `product_id`, `order_date`, `delivery_date`, `paid_quantity`, `unit_id`, `price`, `is_active`, `created_by`, `created_at`) VALUES
(1, 1, 151, '2020-04-22 00:00:00', '2020-04-22 00:00:00', 10, 1, 60, 1, 1, '2020-04-22 09:11:35'),
(2, 2, 250, '2020-04-22 00:00:00', '2020-04-22 00:00:00', 10, 1, 100, 1, 1, '2020-04-22 09:11:35'),
(3, 3, 38, '2020-04-22 00:00:00', '2020-04-22 00:00:00', 5, 1, 2.5, 1, 1, '2020-04-22 10:32:51'),
(4, 5, 39, '2020-04-22 00:00:00', '2020-04-22 00:00:00', 1, 1, 5, 1, 1, '2020-04-22 10:32:51'),
(5, 4, 40, '2020-04-22 00:00:00', '2020-04-22 00:00:00', 10, 1, 25, 1, 1, '2020-04-22 10:32:51'),
(6, 6, 151, '2020-04-24 00:00:00', '2020-04-24 00:00:00', 13, 1, 65, 1, 1, '2020-04-24 12:14:14'),
(7, 8, 7, '2020-04-25 00:00:00', '2020-04-25 00:00:00', 23, 1, 34, 1, 1, '2020-04-25 08:15:20'),
(8, 11, 9, '2020-04-25 00:00:00', '2020-04-25 00:00:00', 23, 1, 34, 1, 1, '2020-04-25 08:15:20'),
(9, 12, 324, '2020-04-25 00:00:00', '2020-04-25 00:00:00', 23, 1, 34, 1, 1, '2020-04-25 08:15:20'),
(10, 7, 326, '2020-04-25 00:00:00', '2020-04-25 00:00:00', 1, 1, 17, 1, 1, '2020-04-25 08:15:20'),
(11, 9, 347, '2020-04-25 00:00:00', '2020-04-25 00:00:00', 23, 1, 34, 1, 1, '2020-04-25 08:15:20'),
(12, 10, 348, '2020-04-25 00:00:00', '2020-04-25 00:00:00', 10, 1, 14.78, 1, 1, '2020-04-25 08:15:20'),
(13, 17, 148, '2020-04-25 00:00:00', '2020-04-25 00:00:00', 23, 1, 34, 1, 1, '2020-04-25 08:15:57'),
(14, 18, 151, '2020-04-25 00:00:00', '2020-04-25 00:00:00', 23, 1, 34, 1, 1, '2020-04-25 08:15:57'),
(15, 16, 202, '2020-04-25 00:00:00', '2020-04-25 00:00:00', 10, 1, 14.78, 1, 1, '2020-04-25 08:15:57'),
(16, 13, 238, '2020-04-25 00:00:00', '2020-04-25 00:00:00', 23, 1, 34, 1, 1, '2020-04-25 08:15:57'),
(17, 15, 299, '2020-04-25 00:00:00', '2020-04-25 00:00:00', 23, 1, 34, 1, 1, '2020-04-25 08:15:57'),
(18, 14, 369, '2020-04-25 00:00:00', '2020-04-25 00:00:00', 10, 1, 14.78, 1, 1, '2020-04-25 08:15:57'),
(19, 20, 16, '2020-04-27 00:00:00', '2020-04-27 00:00:00', 10, 1, 150, 1, 1, '2020-04-27 12:14:15'),
(20, 19, 151, '2020-04-27 00:00:00', '2020-04-27 00:00:00', 10, 1, 250, 1, 1, '2020-04-27 12:14:15'),
(21, 24, 28, '2020-04-27 00:00:00', '2020-04-27 00:00:00', 14, 1, 77, 1, 1, '2020-04-27 13:25:20'),
(22, 25, 31, '2020-04-27 00:00:00', '2020-04-27 00:00:00', 30, 1, 100, 1, 1, '2020-04-27 13:25:20'),
(23, 22, 33, '2020-04-27 00:00:00', '2020-04-27 00:00:00', 29, 1, 725, 1, 1, '2020-04-27 13:25:20'),
(24, 23, 35, '2020-04-27 00:00:00', '2020-04-27 00:00:00', 20, 1, 156, 1, 1, '2020-04-27 13:25:20'),
(25, 21, 390, '2020-04-27 00:00:00', '2020-04-27 00:00:00', 5, 1, 57.5, 1, 1, '2020-04-27 13:25:20'),
(26, 26, 391, '2020-04-28 00:00:00', '2020-04-28 00:00:00', 10, 1, 150, 1, 1, '2020-04-28 11:21:54'),
(27, 29, 192, '2020-04-29 00:00:00', '2020-04-29 00:00:00', 1, 1, 5, 1, 1, '2020-04-29 02:58:51'),
(28, 28, 193, '2020-04-29 00:00:00', '2020-04-29 00:00:00', 0.5, 1, 10, 1, 1, '2020-04-29 02:58:51'),
(29, 27, 392, '2020-04-29 00:00:00', '2020-04-29 00:00:00', 15, 1, 49.5, 1, 1, '2020-04-29 02:58:51'),
(30, 30, 153, '2020-04-29 00:00:00', '2020-04-29 00:00:00', 2, 1, 200, 1, 1, '2020-04-29 03:18:33'),
(31, 32, 249, '2020-04-29 00:00:00', '2020-04-29 00:00:00', 10, 1, 20, 1, 1, '2020-04-29 03:18:33'),
(32, 34, 253, '2020-04-29 00:00:00', '2020-04-29 00:00:00', 10, 1, 15, 1, 1, '2020-04-29 03:18:33'),
(33, 33, 255, '2020-04-29 00:00:00', '2020-04-29 00:00:00', 5, 1, 10, 1, 1, '2020-04-29 03:18:33'),
(34, 31, 298, '2020-04-29 00:00:00', '2020-04-29 00:00:00', 1, 1, 50, 1, 1, '2020-04-29 03:18:33'),
(35, 36, 244, '2020-04-29 00:00:00', '2020-04-29 00:00:00', 34, 1, 115.6, 1, 1, '2020-04-29 03:52:52'),
(36, 35, 259, '2020-04-29 00:00:00', '2020-04-29 00:00:00', 12, 1, 9.64, 1, 1, '2020-04-29 03:52:52'),
(37, 37, 264, '2020-04-29 00:00:00', '2020-04-29 00:00:00', 2, 1, 44.67, 1, 1, '2020-04-29 03:52:52'),
(38, 40, 271, '2020-04-29 00:00:00', '2020-04-29 00:00:00', 21, 1, 1.88, 1, 1, '2020-04-29 03:52:52'),
(39, 38, 304, '2020-04-29 00:00:00', '2020-04-29 00:00:00', 23, 1, 27.52, 1, 1, '2020-04-29 03:52:52'),
(40, 42, 318, '2020-04-29 00:00:00', '2020-04-29 00:00:00', 21, 1, 39.26, 1, 1, '2020-04-29 03:52:52'),
(41, 39, 364, '2020-04-29 00:00:00', '2020-04-29 00:00:00', 22, 1, 7.76, 1, 1, '2020-04-29 03:52:52'),
(42, 41, 373, '2020-04-29 00:00:00', '2020-04-29 00:00:00', 22, 1, 41.13, 1, 1, '2020-04-29 03:52:52'),
(43, 43, 151, '2020-05-01 00:00:00', '2020-05-01 00:00:00', 10, 1, 76.92, 1, 1, '2020-05-01 08:02:45'),
(44, 44, 152, '2020-05-01 00:00:00', '2020-05-01 00:00:00', 15, 1, 250, 1, 1, '2020-05-01 08:02:45'),
(45, 45, 153, '2020-05-01 00:00:00', '2020-05-01 00:00:00', 10, 1, 25, 1, 1, '2020-05-01 08:02:45'),
(46, 55, 41, '2020-05-02 00:00:00', '2020-05-02 00:00:00', 15, 1, 150, 1, 1, '2020-05-02 11:08:15'),
(47, 56, 151, '2020-05-02 00:00:00', '2020-05-02 00:00:00', 23, 1, 85.73, 1, 1, '2020-05-02 11:10:29'),
(48, 57, 152, '2020-05-02 00:00:00', '2020-05-02 00:00:00', 12, 1, 123, 1, 1, '2020-05-02 11:10:29'),
(49, 58, 153, '2020-05-02 00:00:00', '2020-05-02 00:00:00', 23, 1, 123, 1, 1, '2020-05-02 11:10:29'),
(50, 59, 250, '2020-05-02 00:00:00', '2020-05-02 00:00:00', 12, 1, 67.09, 1, 1, '2020-05-02 11:10:29'),
(51, 60, 57, '2020-05-02 00:00:00', '2020-05-02 00:00:00', 12, 1, 67.09, 1, 1, '2020-05-02 11:11:47'),
(52, 64, 151, '2020-05-02 00:00:00', '2020-05-02 00:00:00', 10, 1, 37.27, 1, 1, '2020-05-02 11:11:47'),
(53, 63, 152, '2020-05-02 00:00:00', '2020-05-02 00:00:00', 0, 1, 0, 1, 1, '2020-05-02 11:11:47'),
(54, 62, 153, '2020-05-02 00:00:00', '2020-05-02 00:00:00', 0, 1, 0, 1, 1, '2020-05-02 11:11:47'),
(55, 61, 250, '2020-05-02 00:00:00', '2020-05-02 00:00:00', 9, 1, 50.32, 1, 1, '2020-05-02 11:11:47'),
(56, 66, 135, '2020-05-03 00:00:00', '2020-05-03 00:00:00', 15, 1, 15, 1, 1, '2020-05-03 10:59:42'),
(57, 65, 138, '2020-05-03 00:00:00', '2020-05-03 00:00:00', 15, 1, 22.5, 1, 1, '2020-05-03 10:59:42'),
(58, 73, 17, '2020-05-07 00:00:00', '2020-05-07 00:00:00', 1, 1, 5, 1, 1, '2020-05-07 05:26:33'),
(59, 71, 21, '2020-05-07 00:00:00', '2020-05-07 00:00:00', 1, 1, 10, 1, 1, '2020-05-07 05:26:33'),
(60, 70, 46, '2020-05-07 00:00:00', '2020-05-07 00:00:00', 1, 1, 5, 1, 1, '2020-05-07 05:26:33'),
(61, 72, 148, '2020-05-07 00:00:00', '2020-05-07 00:00:00', 1, 1, 1, 1, 1, '2020-05-07 05:26:33'),
(62, 68, 151, '2020-05-07 00:00:00', '2020-05-07 00:00:00', 1, 1, 10, 1, 1, '2020-05-07 05:26:33'),
(63, 77, 185, '2020-05-07 00:00:00', '2020-05-07 00:00:00', 1, 1, 10, 1, 1, '2020-05-07 05:26:33'),
(64, 78, 195, '2020-05-07 00:00:00', '2020-05-07 00:00:00', 1, 1, 10, 1, 1, '2020-05-07 05:26:33'),
(65, 69, 210, '2020-05-07 00:00:00', '2020-05-07 00:00:00', 1, 1, 10, 1, 1, '2020-05-07 05:26:33'),
(66, 79, 221, '2020-05-07 00:00:00', '2020-05-07 00:00:00', 1, 1, 10, 1, 1, '2020-05-07 05:26:33'),
(67, 83, 236, '2020-05-07 00:00:00', '2020-05-07 00:00:00', 1, 1, 1, 1, 1, '2020-05-07 05:26:33'),
(68, 84, 237, '2020-05-07 00:00:00', '2020-05-07 00:00:00', 1, 1, 10, 1, 1, '2020-05-07 05:26:33'),
(69, 82, 238, '2020-05-07 00:00:00', '2020-05-07 00:00:00', 1, 1, 10, 1, 1, '2020-05-07 05:26:33'),
(70, 81, 241, '2020-05-07 00:00:00', '2020-05-07 00:00:00', 1, 1, 10, 1, 1, '2020-05-07 05:26:33'),
(71, 80, 242, '2020-05-07 00:00:00', '2020-05-07 00:00:00', 1, 1, 10, 1, 1, '2020-05-07 05:26:33'),
(72, 75, 270, '2020-05-07 00:00:00', '2020-05-07 00:00:00', 1, 1, 10, 1, 1, '2020-05-07 05:26:33'),
(73, 74, 316, '2020-05-07 00:00:00', '2020-05-07 00:00:00', 1, 1, 10, 1, 1, '2020-05-07 05:26:33'),
(74, 76, 392, '2020-05-07 00:00:00', '2020-05-07 00:00:00', 1, 1, 10, 1, 1, '2020-05-07 05:26:33'),
(75, 96, 17, '2020-05-07 00:00:00', '2020-05-07 00:00:00', 1, 1, 5, 1, 1, '2020-05-07 05:27:43'),
(76, 94, 21, '2020-05-07 00:00:00', '2020-05-07 00:00:00', 0, 1, 0, 1, 1, '2020-05-07 05:27:43'),
(77, 90, 46, '2020-05-07 00:00:00', '2020-05-07 00:00:00', 1, 1, 5, 1, 1, '2020-05-07 05:27:43'),
(78, 93, 54, '2020-05-07 00:00:00', '2020-05-07 00:00:00', 1, 1, 5, 1, 1, '2020-05-07 05:27:43'),
(79, 92, 57, '2020-05-07 00:00:00', '2020-05-07 00:00:00', 1, 1, 5, 1, 1, '2020-05-07 05:27:43'),
(80, 95, 148, '2020-05-07 00:00:00', '2020-05-07 00:00:00', 1, 1, 1, 1, 1, '2020-05-07 05:27:43'),
(81, 85, 151, '2020-05-07 00:00:00', '2020-05-07 00:00:00', 1, 1, 10, 1, 1, '2020-05-07 05:27:43'),
(82, 86, 152, '2020-05-07 00:00:00', '2020-05-07 00:00:00', 1, 1, 10, 1, 1, '2020-05-07 05:27:43'),
(83, 87, 153, '2020-05-07 00:00:00', '2020-05-07 00:00:00', 1, 1, 10, 1, 1, '2020-05-07 05:27:43'),
(84, 89, 210, '2020-05-07 00:00:00', '2020-05-07 00:00:00', 1, 1, 10, 1, 1, '2020-05-07 05:27:43'),
(85, 88, 250, '2020-05-07 00:00:00', '2020-05-07 00:00:00', 1, 1, 10, 1, 1, '2020-05-07 05:27:43'),
(86, 91, 298, '2020-05-07 00:00:00', '2020-05-07 00:00:00', 1, 1, 10, 1, 1, '2020-05-07 05:27:43'),
(87, 111, 16, '2020-05-07 00:00:00', '2020-05-07 00:00:00', 1, 1, 5, 1, 1, '2020-05-07 05:28:44'),
(88, 108, 17, '2020-05-07 00:00:00', '2020-05-07 00:00:00', 0, 1, 0, 1, 1, '2020-05-07 05:28:44'),
(89, 106, 21, '2020-05-07 00:00:00', '2020-05-07 00:00:00', 0, 1, 0, 1, 1, '2020-05-07 05:28:44'),
(90, 113, 27, '2020-05-07 00:00:00', '2020-05-07 00:00:00', 1, 1, 5, 1, 1, '2020-05-07 05:28:44'),
(91, 102, 46, '2020-05-07 00:00:00', '2020-05-07 00:00:00', 0, 1, 0, 1, 1, '2020-05-07 05:28:44'),
(92, 105, 54, '2020-05-07 00:00:00', '2020-05-07 00:00:00', 1, 1, 5, 1, 1, '2020-05-07 05:28:44'),
(93, 104, 57, '2020-05-07 00:00:00', '2020-05-07 00:00:00', 1, 1, 5, 1, 1, '2020-05-07 05:28:44'),
(94, 119, 73, '2020-05-07 00:00:00', '2020-05-07 00:00:00', 1, 1, 5, 1, 1, '2020-05-07 05:28:44'),
(95, 112, 96, '2020-05-07 00:00:00', '2020-05-07 00:00:00', 1, 1, 5, 1, 1, '2020-05-07 05:28:44'),
(96, 121, 107, '2020-05-07 00:00:00', '2020-05-07 00:00:00', 1, 1, 5, 1, 1, '2020-05-07 05:28:44'),
(97, 107, 148, '2020-05-07 00:00:00', '2020-05-07 00:00:00', 0, 1, 0, 1, 1, '2020-05-07 05:28:44'),
(98, 97, 151, '2020-05-07 00:00:00', '2020-05-07 00:00:00', 0, 1, 0, 1, 1, '2020-05-07 05:28:44'),
(99, 98, 152, '2020-05-07 00:00:00', '2020-05-07 00:00:00', 1, 1, 10, 1, 1, '2020-05-07 05:28:44'),
(100, 99, 153, '2020-05-07 00:00:00', '2020-05-07 00:00:00', 1, 1, 10, 1, 1, '2020-05-07 05:28:44'),
(101, 118, 202, '2020-05-07 00:00:00', '2020-05-07 00:00:00', 1, 1, 1, 1, 1, '2020-05-07 05:28:44'),
(102, 101, 210, '2020-05-07 00:00:00', '2020-05-07 00:00:00', 0, 1, 0, 1, 1, '2020-05-07 05:28:44'),
(103, 100, 250, '2020-05-07 00:00:00', '2020-05-07 00:00:00', 1, 1, 10, 1, 1, '2020-05-07 05:28:44'),
(104, 115, 270, '2020-05-07 00:00:00', '2020-05-07 00:00:00', 1, 1, 10, 1, 1, '2020-05-07 05:28:44'),
(105, 120, 282, '2020-05-07 00:00:00', '2020-05-07 00:00:00', 1, 1, 10, 1, 1, '2020-05-07 05:28:44'),
(106, 117, 295, '2020-05-07 00:00:00', '2020-05-07 00:00:00', 1, 1, 10, 1, 1, '2020-05-07 05:28:44'),
(107, 103, 298, '2020-05-07 00:00:00', '2020-05-07 00:00:00', 1, 1, 10, 1, 1, '2020-05-07 05:28:44'),
(108, 116, 316, '2020-05-07 00:00:00', '2020-05-07 00:00:00', 1, 1, 10, 1, 1, '2020-05-07 05:28:44'),
(109, 110, 324, '2020-05-07 00:00:00', '2020-05-07 00:00:00', 1, 1, 10, 1, 1, '2020-05-07 05:28:44'),
(110, 109, 325, '2020-05-07 00:00:00', '2020-05-07 00:00:00', 1, 1, 10, 1, 1, '2020-05-07 05:28:44'),
(111, 114, 392, '2020-05-07 00:00:00', '2020-05-07 00:00:00', 1, 1, 10, 1, 1, '2020-05-07 05:28:44');

-- --------------------------------------------------------

--
-- Table structure for table `ordered_product`
--

CREATE TABLE `ordered_product` (
  `id` bigint(20) NOT NULL,
  `user_id` int(11) DEFAULT NULL,
  `order_id` int(11) DEFAULT NULL,
  `tracking_id` varchar(20) DEFAULT NULL,
  `product_id` int(11) DEFAULT NULL,
  `quantity` double(10,2) DEFAULT NULL,
  `unit_id` int(11) DEFAULT NULL,
  `status` int(11) DEFAULT NULL,
  `is_active` tinyint(1) DEFAULT NULL,
  `created_by` int(11) DEFAULT NULL,
  `updated_by` int(11) DEFAULT NULL,
  `created_at` timestamp NOT NULL DEFAULT CURRENT_TIMESTAMP,
  `updated_at` timestamp NOT NULL DEFAULT CURRENT_TIMESTAMP
) ENGINE=InnoDB DEFAULT CHARSET=latin1;

--
-- Dumping data for table `ordered_product`
--

INSERT INTO `ordered_product` (`id`, `user_id`, `order_id`, `tracking_id`, `product_id`, `quantity`, `unit_id`, `status`, `is_active`, `created_by`, `updated_by`, `created_at`, `updated_at`) VALUES
(1, 2, 1, '756046861', 151, 10.00, 1, 2, 1, 2, NULL, '2020-04-22 09:09:39', '2020-04-22 09:09:39'),
(2, 2, 1, '970199339', 250, 10.00, 1, 2, 1, 2, NULL, '2020-04-22 09:09:39', '2020-04-22 09:09:39'),
(3, 4, 2, '833655955', 38, 10.00, 1, 2, 1, 4, NULL, '2020-04-22 10:24:32', '2020-04-22 10:24:32'),
(4, 4, 2, '624593347', 40, 20.00, 1, 2, 1, 4, NULL, '2020-04-22 10:24:32', '2020-04-22 10:24:32'),
(5, 4, 2, '343229785', 39, 10.00, 1, 2, 1, 4, NULL, '2020-04-22 10:24:32', '2020-04-22 10:24:32'),
(6, 2, 3, '22238551', 151, 15.00, 1, 2, 1, 2, NULL, '2020-04-24 12:13:12', '2020-04-24 12:13:12'),
(7, 4, 4, '96985918', 326, 20.00, 2, 2, 1, 4, NULL, '2020-04-25 08:09:58', '2020-04-25 08:09:58'),
(8, 4, 4, '426376898', 7, 21.00, 1, 2, 1, 4, NULL, '2020-04-25 08:09:58', '2020-04-25 08:09:58'),
(9, 4, 4, '391876706', 347, 10.00, 1, 2, 1, 4, NULL, '2020-04-25 08:09:58', '2020-04-25 08:09:58'),
(10, 4, 4, '301444563', 348, 20.00, 1, 2, 1, 4, NULL, '2020-04-25 08:09:58', '2020-04-25 08:09:58'),
(11, 4, 4, '622365798', 9, 20.00, 7, 2, 1, 4, NULL, '2020-04-25 08:09:58', '2020-04-25 08:09:58'),
(12, 4, 4, '557409092', 324, 20.00, 1, 2, 1, 4, NULL, '2020-04-25 08:09:58', '2020-04-25 08:09:58'),
(13, 2, 5, '96596233', 238, 41.00, 1, 2, 1, 2, NULL, '2020-04-25 08:11:53', '2020-04-25 08:11:53'),
(14, 2, 5, '192707282', 369, 20.00, 1, 2, 1, 2, NULL, '2020-04-25 08:11:53', '2020-04-25 08:11:53'),
(15, 2, 5, '308562446', 299, 100.00, 1, 2, 1, 2, NULL, '2020-04-25 08:11:53', '2020-04-25 08:11:53'),
(16, 2, 5, '146119757', 202, 10.00, 1, 2, 1, 2, NULL, '2020-04-25 08:11:53', '2020-04-25 08:11:53'),
(17, 2, 5, '205067084', 148, 30.00, 1, 2, 1, 2, NULL, '2020-04-25 08:11:53', '2020-04-25 08:11:53'),
(18, 2, 5, '147988345', 151, 29.00, 1, 2, 1, 2, NULL, '2020-04-25 08:11:53', '2020-04-25 08:11:53'),
(19, 2, 6, '671676389', 151, 10.00, 1, 2, 1, 2, NULL, '2020-04-27 12:13:32', '2020-04-27 12:13:32'),
(20, 2, 6, '329304547', 16, 10.00, 1, 2, 1, 2, NULL, '2020-04-27 12:13:32', '2020-04-27 12:13:32'),
(21, 5, 7, '421719262', 390, 10.00, 1, 2, 1, 5, NULL, '2020-04-27 13:20:55', '2020-04-27 13:20:55'),
(22, 5, 7, '638328971', 33, 16.00, 1, 2, 1, 5, NULL, '2020-04-27 13:20:55', '2020-04-27 13:20:55'),
(23, 5, 7, '981074715', 35, 13.00, 1, 2, 1, 5, NULL, '2020-04-27 13:20:55', '2020-04-27 13:20:55'),
(24, 5, 7, '597213478', 28, 12.00, 1, 2, 1, 5, NULL, '2020-04-27 13:20:55', '2020-04-27 13:20:55'),
(25, 5, 7, '946824261', 31, 14.00, 1, 2, 1, 5, NULL, '2020-04-27 13:20:55', '2020-04-27 13:20:55'),
(26, 2, 8, '853210362', 391, 1.00, 6, 2, 1, 2, NULL, '2020-04-28 11:14:56', '2020-04-28 11:14:56'),
(27, 5, 9, '648068917', 392, 1.00, 6, 2, 1, 5, NULL, '2020-04-29 02:56:27', '2020-04-29 02:56:27'),
(28, 5, 9, '225360411', 193, 1.00, 1, 2, 1, 5, NULL, '2020-04-29 02:56:27', '2020-04-29 02:56:27'),
(29, 5, 9, '537597667', 192, 1.00, 1, 2, 1, 5, NULL, '2020-04-29 02:56:27', '2020-04-29 02:56:27'),
(30, 5, 10, '708893398', 153, 1.00, 1, 2, 1, 5, NULL, '2020-04-29 03:13:22', '2020-04-29 03:13:22'),
(31, 5, 10, '359988908', 298, 1.00, 1, 2, 1, 5, NULL, '2020-04-29 03:13:22', '2020-04-29 03:13:22'),
(32, 5, 10, '901956924', 249, 10.00, 1, 2, 1, 5, NULL, '2020-04-29 03:13:22', '2020-04-29 03:13:22'),
(33, 5, 10, '440230584', 255, 10.00, 1, 2, 1, 5, NULL, '2020-04-29 03:13:22', '2020-04-29 03:13:22'),
(34, 5, 10, '681609896', 253, 10.00, 1, 2, 1, 5, NULL, '2020-04-29 03:13:22', '2020-04-29 03:13:22'),
(35, 5, 11, '438979320', 259, 1.00, 1, 2, 1, 5, NULL, '2020-04-29 03:49:54', '2020-04-29 03:49:54'),
(36, 5, 11, '659098380', 244, 1.00, 1, 2, 1, 5, NULL, '2020-04-29 03:49:54', '2020-04-29 03:49:54'),
(37, 5, 11, '113546673', 264, 1.00, 1, 2, 1, 5, NULL, '2020-04-29 03:49:54', '2020-04-29 03:49:54'),
(38, 5, 11, '628993356', 304, 1.00, 1, 2, 1, 5, NULL, '2020-04-29 03:49:54', '2020-04-29 03:49:54'),
(39, 5, 11, '4471510', 364, 1.00, 1, 2, 1, 5, NULL, '2020-04-29 03:49:54', '2020-04-29 03:49:54'),
(40, 5, 11, '877762944', 271, 1.00, 1, 2, 1, 5, NULL, '2020-04-29 03:49:54', '2020-04-29 03:49:54'),
(41, 5, 11, '975665104', 373, 1.00, 1, 2, 1, 5, NULL, '2020-04-29 03:49:54', '2020-04-29 03:49:54'),
(42, 5, 11, '141290694', 318, 1.00, 1, 2, 1, 5, NULL, '2020-04-29 03:49:54', '2020-04-29 03:49:54'),
(43, 2, 12, '862526498', 151, 15.00, 1, 5, 1, 2, NULL, '2020-05-01 08:01:28', '2020-05-01 08:01:28'),
(44, 2, 12, '503361162', 152, 15.00, 1, 6, 1, 2, NULL, '2020-05-01 08:01:28', '2020-05-01 08:01:28'),
(45, 2, 12, '819006033', 153, 10.00, 1, 5, 1, 2, NULL, '2020-05-01 08:01:28', '2020-05-01 08:01:28'),
(46, 5, 13, '308525002', 121, 60.00, 1, 1, 1, 5, NULL, '2020-05-01 14:36:54', '2020-05-01 14:36:54'),
(47, 5, 13, '3292430', 122, 21.00, 1, 1, 1, 5, NULL, '2020-05-01 14:36:54', '2020-05-01 14:36:54'),
(48, 5, 13, '527176951', 140, 60.00, 1, 1, 1, 5, NULL, '2020-05-01 14:36:54', '2020-05-01 14:36:54'),
(49, 5, 13, '932796051', 139, 21.00, 1, 1, 1, 5, NULL, '2020-05-01 14:36:54', '2020-05-01 14:36:54'),
(50, 2, 14, '378215846', 122, 40.00, 1, 1, 1, 2, NULL, '2020-05-01 14:45:29', '2020-05-01 14:45:29'),
(51, 2, 14, '199026033', 123, 10.00, 1, 1, 1, 2, NULL, '2020-05-01 14:45:29', '2020-05-01 14:45:29'),
(52, 2, 14, '428076774', 151, 40.00, 1, 1, 1, 2, NULL, '2020-05-01 14:45:29', '2020-05-01 14:45:29'),
(53, 2, 14, '530993205', 153, 10.00, 1, 1, 1, 2, NULL, '2020-05-01 14:45:29', '2020-05-01 14:45:29'),
(54, 2, 14, '684338722', 165, 12.00, 1, 1, 1, 2, NULL, '2020-05-01 14:45:29', '2020-05-01 14:45:29'),
(55, 2, 15, '702535962', 41, 15.00, 1, 5, 1, 2, NULL, '2020-05-02 11:03:35', '2020-05-02 11:03:35'),
(56, 5, 16, '656767377', 151, 20.00, 1, 6, 1, 5, NULL, '2020-05-02 11:04:23', '2020-05-02 11:04:23'),
(57, 5, 16, '434830778', 152, 10.00, 1, 6, 1, 5, NULL, '2020-05-02 11:04:23', '2020-05-02 11:04:23'),
(58, 5, 16, '75977534', 153, 10.00, 1, 5, 1, 5, NULL, '2020-05-02 11:04:23', '2020-05-02 11:04:23'),
(59, 5, 16, '108146835', 250, 10.00, 1, 6, 1, 5, NULL, '2020-05-02 11:04:23', '2020-05-02 11:04:23'),
(60, 2, 17, '372676008', 57, 12.00, 1, 5, 1, 2, NULL, '2020-05-02 11:06:30', '2020-05-02 11:06:30'),
(61, 2, 17, '979092248', 250, 12.00, 1, 5, 1, 2, NULL, '2020-05-02 11:06:30', '2020-05-02 11:06:30'),
(62, 2, 17, '664513834', 153, 12.00, 1, 6, 1, 2, NULL, '2020-05-02 11:06:30', '2020-05-02 11:06:30'),
(63, 2, 17, '540359123', 152, 12.00, 1, 6, 1, 2, NULL, '2020-05-02 11:06:30', '2020-05-02 11:06:30'),
(64, 2, 17, '520450312', 151, 11.00, 1, 5, 1, 2, NULL, '2020-05-02 11:06:30', '2020-05-02 11:06:30'),
(65, 5, 18, '974162701', 138, 10.00, 1, 5, 1, 5, NULL, '2020-05-03 10:42:48', '2020-05-03 10:42:48'),
(66, 5, 18, '21814989', 135, 10.00, 1, 6, 1, 5, NULL, '2020-05-03 10:42:48', '2020-05-03 10:42:48'),
(67, 2, 19, '789501572', 21, 2.00, 1, 1, 1, 2, NULL, '2020-05-06 13:14:42', '2020-05-06 13:14:42'),
(68, 5, 20, '224493106', 151, 1.00, 1, 6, 1, 5, NULL, '2020-05-07 03:28:17', '2020-05-07 03:28:17'),
(69, 5, 20, '860405103', 210, 1.00, 1, 6, 1, 5, NULL, '2020-05-07 03:28:17', '2020-05-07 03:28:17'),
(70, 5, 20, '710978786', 46, 1.00, 1, 6, 1, 5, NULL, '2020-05-07 03:28:17', '2020-05-07 03:28:17'),
(71, 5, 20, '259447951', 21, 1.00, 1, 6, 1, 5, NULL, '2020-05-07 03:28:17', '2020-05-07 03:28:17'),
(72, 5, 20, '385650229', 148, 1.00, 1, 6, 1, 5, NULL, '2020-05-07 03:28:17', '2020-05-07 03:28:17'),
(73, 5, 20, '683491654', 17, 1.00, 1, 6, 1, 5, NULL, '2020-05-07 03:28:17', '2020-05-07 03:28:17'),
(74, 5, 20, '576075003', 316, 1.00, 1, 6, 1, 5, NULL, '2020-05-07 03:28:17', '2020-05-07 03:28:17'),
(75, 5, 20, '434565345', 270, 1.00, 1, 6, 1, 5, NULL, '2020-05-07 03:28:17', '2020-05-07 03:28:17'),
(76, 5, 20, '918211233', 392, 1.00, 1, 6, 1, 5, NULL, '2020-05-07 03:28:17', '2020-05-07 03:28:17'),
(77, 5, 20, '251492950', 185, 111.00, 1, 6, 1, 5, NULL, '2020-05-07 03:28:17', '2020-05-07 03:28:17'),
(78, 5, 20, '399983502', 195, 1.00, 1, 6, 1, 5, NULL, '2020-05-07 03:28:17', '2020-05-07 03:28:17'),
(79, 5, 20, '791333667', 221, 1.00, 1, 6, 1, 5, NULL, '2020-05-07 03:28:17', '2020-05-07 03:28:17'),
(80, 5, 20, '371108884', 242, 100.00, 1, 6, 1, 5, NULL, '2020-05-07 03:28:17', '2020-05-07 03:28:17'),
(81, 5, 20, '762918990', 241, 1.00, 1, 6, 1, 5, NULL, '2020-05-07 03:28:17', '2020-05-07 03:28:17'),
(82, 5, 20, '849231514', 238, 1.00, 1, 6, 1, 5, NULL, '2020-05-07 03:28:17', '2020-05-07 03:28:17'),
(83, 5, 20, '198391934', 236, 1.00, 1, 6, 1, 5, NULL, '2020-05-07 03:28:17', '2020-05-07 03:28:17'),
(84, 5, 20, '135578965', 237, 1.00, 1, 6, 1, 5, NULL, '2020-05-07 03:28:17', '2020-05-07 03:28:17'),
(85, 5, 21, '142764634', 151, 1.00, 1, 2, 1, 5, NULL, '2020-05-07 03:32:59', '2020-05-07 03:32:59'),
(86, 5, 21, '569203977', 152, 1.00, 1, 2, 1, 5, NULL, '2020-05-07 03:32:59', '2020-05-07 03:32:59'),
(87, 5, 21, '384458285', 153, 1.00, 1, 2, 1, 5, NULL, '2020-05-07 03:32:59', '2020-05-07 03:32:59'),
(88, 5, 21, '722786462', 250, 1.00, 1, 2, 1, 5, NULL, '2020-05-07 03:32:59', '2020-05-07 03:32:59'),
(89, 5, 21, '982281939', 210, 1.00, 1, 2, 1, 5, NULL, '2020-05-07 03:32:59', '2020-05-07 03:32:59'),
(90, 5, 21, '452435040', 46, 1.00, 2, 2, 1, 5, NULL, '2020-05-07 03:32:59', '2020-05-07 03:32:59'),
(91, 5, 21, '144054732', 298, 1.00, 2, 2, 1, 5, NULL, '2020-05-07 03:32:59', '2020-05-07 03:32:59'),
(92, 5, 21, '410838872', 57, 1.00, 2, 2, 1, 5, NULL, '2020-05-07 03:32:59', '2020-05-07 03:32:59'),
(93, 5, 21, '550979228', 54, 1.00, 1, 2, 1, 5, NULL, '2020-05-07 03:32:59', '2020-05-07 03:32:59'),
(94, 5, 21, '2283561', 21, 1.00, 2, 2, 1, 5, NULL, '2020-05-07 03:32:59', '2020-05-07 03:32:59'),
(95, 5, 21, '78765584', 148, 1.00, 1, 2, 1, 5, NULL, '2020-05-07 03:32:59', '2020-05-07 03:32:59'),
(96, 5, 21, '39797917', 17, 1.00, 1, 2, 1, 5, NULL, '2020-05-07 03:32:59', '2020-05-07 03:32:59'),
(97, 2, 22, '928444938', 151, 1.00, 2, 5, 1, 2, NULL, '2020-05-07 03:36:27', '2020-05-07 03:36:27'),
(98, 2, 22, '946056432', 152, 1.00, 2, 6, 1, 2, NULL, '2020-05-07 03:36:27', '2020-05-07 03:36:27'),
(99, 2, 22, '514955832', 153, 1.00, 2, 5, 1, 2, NULL, '2020-05-07 03:36:27', '2020-05-07 03:36:27'),
(100, 2, 22, '905405830', 250, 1.00, 2, 6, 1, 2, NULL, '2020-05-07 03:36:27', '2020-05-07 03:36:27'),
(101, 2, 22, '422964816', 210, 1.00, 2, 5, 1, 2, NULL, '2020-05-07 03:36:27', '2020-05-07 03:36:27'),
(102, 2, 22, '796389968', 46, 1.00, 1, 5, 1, 2, NULL, '2020-05-07 03:36:27', '2020-05-07 03:36:27'),
(103, 2, 22, '485183223', 298, 1.00, 2, 6, 1, 2, NULL, '2020-05-07 03:36:27', '2020-05-07 03:36:27'),
(104, 2, 22, '662265315', 57, 1.00, 1, 6, 1, 2, NULL, '2020-05-07 03:36:27', '2020-05-07 03:36:27'),
(105, 2, 22, '126619454', 54, 1.00, 2, 5, 1, 2, NULL, '2020-05-07 03:36:27', '2020-05-07 03:36:27'),
(106, 2, 22, '817439359', 21, 1.00, 1, 5, 1, 2, NULL, '2020-05-07 03:36:27', '2020-05-07 03:36:27'),
(107, 2, 22, '545692978', 148, 1.00, 1, 6, 1, 2, NULL, '2020-05-07 03:36:27', '2020-05-07 03:36:27'),
(108, 2, 22, '814491933', 17, 1.00, 2, 6, 1, 2, NULL, '2020-05-07 03:36:27', '2020-05-07 03:36:27'),
(109, 2, 22, '947327813', 325, 1.00, 1, 5, 1, 2, NULL, '2020-05-07 03:36:27', '2020-05-07 03:36:27'),
(110, 2, 22, '173426755', 324, 1.00, 1, 6, 1, 2, NULL, '2020-05-07 03:36:27', '2020-05-07 03:36:27'),
(111, 2, 22, '320735163', 16, 1.00, 2, 5, 1, 2, NULL, '2020-05-07 03:36:27', '2020-05-07 03:36:27'),
(112, 2, 22, '661590915', 96, 1.00, 1, 6, 1, 2, NULL, '2020-05-07 03:36:27', '2020-05-07 03:36:27'),
(113, 2, 22, '532577688', 27, 1.00, 2, 5, 1, 2, NULL, '2020-05-07 03:36:27', '2020-05-07 03:36:27'),
(114, 2, 22, '45059105', 392, 1.00, 6, 6, 1, 2, NULL, '2020-05-07 03:36:27', '2020-05-07 03:36:27'),
(115, 2, 22, '233235684', 270, 1.00, 1, 5, 1, 2, NULL, '2020-05-07 03:36:27', '2020-05-07 03:36:27'),
(116, 2, 22, '543023436', 316, 1.00, 2, 5, 1, 2, NULL, '2020-05-07 03:36:27', '2020-05-07 03:36:27'),
(117, 2, 22, '40099828', 295, 1.00, 2, 5, 1, 2, NULL, '2020-05-07 03:36:27', '2020-05-07 03:36:27'),
(118, 2, 22, '875400351', 202, 1.00, 2, 6, 1, 2, NULL, '2020-05-07 03:36:27', '2020-05-07 03:36:27'),
(119, 2, 22, '699717325', 73, 1.00, 1, 5, 1, 2, NULL, '2020-05-07 03:36:27', '2020-05-07 03:36:27'),
(120, 2, 22, '483605404', 282, 1.00, 1, 6, 1, 2, NULL, '2020-05-07 03:36:27', '2020-05-07 03:36:27'),
(121, 2, 22, '127384175', 107, 1.00, 1, 5, 1, 2, NULL, '2020-05-07 03:36:27', '2020-05-07 03:36:27'),
(122, 5, 23, '865876109', 151, 1.00, 1, 1, 1, 5, NULL, '2020-05-09 00:32:31', '2020-05-09 00:32:31'),
(123, 5, 23, '97782252', 57, 1.00, 1, 1, 1, 5, NULL, '2020-05-09 00:32:31', '2020-05-09 00:32:31'),
(124, 5, 23, '933099767', 21, 10.00, 1, 1, 1, 5, NULL, '2020-05-09 00:32:31', '2020-05-09 00:32:31'),
(125, 5, 24, '440491218', 96, 5.00, 1, 1, 1, 5, NULL, '2020-05-09 11:23:26', '2020-05-09 11:23:26'),
(126, 5, 24, '218915926', 151, 2.00, 1, 1, 1, 5, NULL, '2020-05-09 11:23:26', '2020-05-09 11:23:26'),
(127, 5, 24, '120129149', 153, 10.00, 1, 1, 1, 5, NULL, '2020-05-09 11:23:26', '2020-05-09 11:23:26'),
(128, 3, 25, '432023155', 6, 13.00, 7, 1, 1, 3, NULL, '2020-05-14 13:02:41', '2020-05-14 13:02:41'),
(129, 3, 25, '719606050', 20, 12.00, 2, 1, 1, 3, NULL, '2020-05-14 13:02:41', '2020-05-14 13:02:41'),
(130, 3, 25, '787788048', 123, 17.00, 1, 1, 1, 3, NULL, '2020-05-14 13:02:41', '2020-05-14 13:02:41'),
(131, 3, 25, '428465738', 120, 15.00, 1, 1, 1, 3, NULL, '2020-05-14 13:02:41', '2020-05-14 13:02:41'),
(132, 3, 25, '930817639', 122, 1.20, 1, 1, 1, 3, NULL, '2020-05-14 13:02:41', '2020-05-14 13:02:41'),
(133, 3, 25, '653972882', 126, 15.00, 2, 1, 1, 3, NULL, '2020-05-14 13:02:41', '2020-05-14 13:02:41'),
(134, 3, 25, '407186286', 124, 21.00, 2, 1, 1, 3, NULL, '2020-05-14 13:02:41', '2020-05-14 13:02:41'),
(135, 5, 26, '749480696', 6, 5.00, 7, 1, 1, 5, NULL, '2020-05-14 13:04:47', '2020-05-14 13:04:47'),
(136, 5, 26, '787545724', 20, 30.00, 2, 1, 1, 5, NULL, '2020-05-14 13:04:47', '2020-05-14 13:04:47'),
(137, 5, 26, '266606593', 122, 20.00, 1, 1, 1, 5, NULL, '2020-05-14 13:04:47', '2020-05-14 13:04:47'),
(138, 5, 26, '58852138', 120, 20.00, 1, 1, 1, 5, NULL, '2020-05-14 13:04:47', '2020-05-14 13:04:47'),
(139, 5, 26, '164033221', 123, 15.00, 2, 1, 1, 5, NULL, '2020-05-14 13:04:47', '2020-05-14 13:04:47'),
(140, 5, 26, '124743131', 121, 13.00, 2, 1, 1, 5, NULL, '2020-05-14 13:04:47', '2020-05-14 13:04:47'),
(141, 5, 26, '170328512', 124, 21.00, 2, 1, 1, 5, NULL, '2020-05-14 13:04:47', '2020-05-14 13:04:47'),
(142, 5, 26, '914247378', 129, 13.00, 2, 1, 1, 5, NULL, '2020-05-14 13:04:47', '2020-05-14 13:04:47'),
(143, 5, 26, '263615431', 116, 21.00, 2, 1, 1, 5, NULL, '2020-05-14 13:04:47', '2020-05-14 13:04:47'),
(144, 5, 26, '584931641', 128, 11.00, 2, 1, 1, 5, NULL, '2020-05-14 13:04:47', '2020-05-14 13:04:47'),
(145, 2, 27, '32779379', 27, 13.00, 2, 1, 1, 2, NULL, '2020-05-14 13:06:42', '2020-05-14 13:06:42'),
(146, 2, 27, '835400724', 23, 14.00, 2, 1, 1, 2, NULL, '2020-05-14 13:06:42', '2020-05-14 13:06:42'),
(147, 2, 27, '364735306', 26, 13.00, 2, 1, 1, 2, NULL, '2020-05-14 13:06:42', '2020-05-14 13:06:42'),
(148, 2, 27, '965280354', 22, 12.00, 2, 1, 1, 2, NULL, '2020-05-14 13:06:42', '2020-05-14 13:06:42'),
(149, 2, 27, '193907096', 24, 13.00, 2, 1, 1, 2, NULL, '2020-05-14 13:06:42', '2020-05-14 13:06:42'),
(150, 2, 27, '707659180', 41, 11.00, 2, 1, 1, 2, NULL, '2020-05-14 13:06:42', '2020-05-14 13:06:42'),
(151, 2, 27, '995347080', 102, 11.00, 1, 1, 1, 2, NULL, '2020-05-14 13:06:42', '2020-05-14 13:06:42'),
(152, 2, 27, '814993574', 110, 15.00, 1, 1, 1, 2, NULL, '2020-05-14 13:06:42', '2020-05-14 13:06:42'),
(153, 2, 27, '172288419', 376, 14.00, 2, 1, 1, 2, NULL, '2020-05-14 13:06:42', '2020-05-14 13:06:42'),
(154, 2, 27, '454993908', 378, 12.00, 2, 1, 1, 2, NULL, '2020-05-14 13:06:42', '2020-05-14 13:06:42'),
(155, 2, 27, '216687016', 103, 10.00, 1, 1, 1, 2, NULL, '2020-05-14 13:06:42', '2020-05-14 13:06:42');

-- --------------------------------------------------------

--
-- Table structure for table `orders`
--

CREATE TABLE `orders` (
  `id` bigint(20) NOT NULL,
  `order_id` varchar(20) DEFAULT NULL,
  `user_id` int(11) DEFAULT NULL,
  `shipping_id` int(11) DEFAULT NULL,
  `payment_method_id` int(11) DEFAULT NULL,
  `order_date` datetime DEFAULT NULL,
  `status` int(11) DEFAULT NULL,
  `is_active` tinyint(1) DEFAULT NULL,
  `created_by` int(11) DEFAULT NULL,
  `updated_by` int(11) DEFAULT NULL,
  `created_at` timestamp NOT NULL DEFAULT CURRENT_TIMESTAMP,
  `updated_at` timestamp NOT NULL DEFAULT CURRENT_TIMESTAMP
) ENGINE=InnoDB DEFAULT CHARSET=latin1;

--
-- Dumping data for table `orders`
--

INSERT INTO `orders` (`id`, `order_id`, `user_id`, `shipping_id`, `payment_method_id`, `order_date`, `status`, `is_active`, `created_by`, `updated_by`, `created_at`, `updated_at`) VALUES
(1, '828918472', 2, 2, NULL, '2020-04-22 14:39:39', 3, 1, 2, NULL, '2020-04-22 09:09:39', '2020-04-22 09:09:39'),
(2, '966353493', 4, 11, NULL, '2020-04-22 15:54:32', 3, 1, 4, NULL, '2020-04-22 10:24:32', '2020-04-22 10:24:32'),
(3, '861497768', 2, 4, NULL, '2020-04-24 17:43:13', 4, 1, 2, NULL, '2020-04-24 12:13:12', '2020-04-24 12:13:12'),
(4, '824834355', 4, 11, NULL, '2020-04-25 13:39:59', 2, 1, 4, NULL, '2020-04-25 08:09:58', '2020-04-25 08:09:58'),
(5, '943025037', 2, 2, NULL, '2020-04-25 13:41:54', 4, 1, 2, NULL, '2020-04-25 08:11:53', '2020-04-25 08:11:53'),
(6, '249592157', 2, 2, NULL, '2020-04-27 17:43:32', 4, 1, 2, NULL, '2020-04-27 12:13:32', '2020-04-27 12:13:32'),
(7, '287724269', 5, 10, NULL, '2020-04-27 18:50:56', 5, 1, 5, NULL, '2020-04-27 13:20:55', '2020-04-27 13:20:55'),
(8, '34552460', 2, 8, NULL, '2020-04-28 16:44:56', 4, 1, 2, NULL, '2020-04-28 11:14:56', '2020-04-28 11:14:56'),
(9, '723291357', 5, 10, NULL, '2020-04-29 08:26:28', 5, 1, 5, NULL, '2020-04-29 02:56:27', '2020-04-29 02:56:27'),
(10, '239712435', 5, 3, NULL, '2020-04-29 08:43:22', 4, 1, 5, NULL, '2020-04-29 03:13:22', '2020-04-29 03:13:22'),
(11, '163389403', 5, 3, NULL, '2020-04-29 09:19:55', 4, 1, 5, NULL, '2020-04-29 03:49:54', '2020-04-29 03:49:54'),
(12, '168251786', 2, 2, NULL, '2020-05-01 13:31:28', 4, 1, 2, NULL, '2020-05-01 08:01:28', '2020-05-01 08:01:28'),
(13, '671590040', 5, 10, NULL, '2020-05-01 20:06:55', 1, 1, 5, NULL, '2020-05-01 14:36:54', '2020-05-01 14:36:54'),
(14, '52544682', 2, 8, NULL, '2020-05-01 20:15:30', 1, 1, 2, NULL, '2020-05-01 14:45:29', '2020-05-01 14:45:29'),
(15, '929715597', 2, 2, NULL, '2020-05-02 16:33:36', 4, 1, 2, NULL, '2020-05-02 11:03:35', '2020-05-02 11:03:35'),
(16, '604348376', 5, 3, NULL, '2020-05-02 16:34:24', 4, 1, 5, NULL, '2020-05-02 11:04:23', '2020-05-02 11:04:23'),
(17, '669275078', 2, 2, NULL, '2020-05-02 16:36:31', 4, 1, 2, NULL, '2020-05-02 11:06:30', '2020-05-02 11:06:30'),
(18, '619929215', 5, 3, NULL, '2020-05-03 16:12:49', 4, 1, 5, NULL, '2020-05-03 10:42:48', '2020-05-03 10:42:48'),
(19, '116746979', 2, 2, NULL, '2020-05-06 18:44:42', 1, 1, 2, NULL, '2020-05-06 13:14:42', '2020-05-06 13:14:42'),
(20, '978534323', 5, 12, NULL, '2020-05-07 08:58:17', 4, 1, 5, NULL, '2020-05-07 03:28:17', '2020-05-07 03:28:17'),
(21, '695805811', 5, 13, NULL, '2020-05-07 09:02:59', 2, 1, 5, NULL, '2020-05-07 03:32:59', '2020-05-07 03:32:59'),
(22, '577050929', 2, 14, NULL, '2020-05-07 09:06:28', 4, 1, 2, NULL, '2020-05-07 03:36:27', '2020-05-07 03:36:27'),
(23, '248823149', 5, 13, NULL, '2020-05-14 00:00:00', 1, 1, 5, NULL, '2020-05-09 00:32:31', '2020-05-09 00:32:31'),
(24, '670907558', 5, 10, NULL, '2020-05-14 00:00:00', 1, 1, 5, NULL, '2020-05-09 11:23:26', '2020-05-09 11:23:26'),
(25, '779831249', 3, 15, NULL, '2020-05-16 00:00:00', 1, 1, 3, NULL, '2020-05-14 13:02:41', '2020-05-14 13:02:41'),
(26, '175583059', 5, 10, NULL, '2020-05-16 00:00:00', 1, 1, 5, NULL, '2020-05-14 13:04:47', '2020-05-14 13:04:47'),
(27, '926264909', 2, 8, NULL, '2020-05-16 00:00:00', 1, 1, 2, NULL, '2020-05-14 13:06:42', '2020-05-14 13:06:42');

-- --------------------------------------------------------

--
-- Table structure for table `order_billing`
--

CREATE TABLE `order_billing` (
  `id` bigint(20) NOT NULL,
  `order_id` int(11) DEFAULT NULL,
  `user_id` int(11) DEFAULT NULL,
  `items_total` double DEFAULT '0',
  `packing` double DEFAULT '0',
  `delivery` double DEFAULT '0',
  `tax` double DEFAULT '0',
  `promotion` double NOT NULL DEFAULT '0',
  `total` double NOT NULL DEFAULT '0',
  `status` int(11) DEFAULT NULL,
  `is_active` tinyint(1) DEFAULT NULL,
  `created_by` int(11) DEFAULT NULL,
  `updated_by` int(11) DEFAULT NULL,
  `created_at` timestamp NOT NULL DEFAULT CURRENT_TIMESTAMP,
  `updated_at` timestamp NOT NULL DEFAULT CURRENT_TIMESTAMP
) ENGINE=InnoDB DEFAULT CHARSET=latin1;

-- --------------------------------------------------------

--
-- Table structure for table `order_status`
--

CREATE TABLE `order_status` (
  `id` int(11) NOT NULL,
  `order_status` varchar(255) DEFAULT NULL,
  `is_active` tinyint(4) DEFAULT NULL,
  `created_at` timestamp NOT NULL DEFAULT CURRENT_TIMESTAMP
) ENGINE=InnoDB DEFAULT CHARSET=latin1;

--
-- Dumping data for table `order_status`
--

INSERT INTO `order_status` (`id`, `order_status`, `is_active`, `created_at`) VALUES
(1, 'NEW ORDERS', 1, '2020-04-18 12:48:06'),
(2, 'DELIVERED', 1, '2020-04-18 12:48:06'),
(3, 'VERIFIED', 1, '2020-04-18 12:48:06'),
(4, 'COMPLETED', 1, '2020-04-18 12:48:06');

-- --------------------------------------------------------

--
-- Table structure for table `products`
--

CREATE TABLE `products` (
  `id` int(11) NOT NULL,
  `category_id` int(11) DEFAULT NULL,
  `sub_category_id` int(11) DEFAULT NULL,
  `product_name` text,
  `main_unit_id` int(11) DEFAULT NULL,
  `image_id` int(11) DEFAULT NULL,
  `description` text,
  `status` int(11) DEFAULT NULL,
  `is_active` tinyint(4) DEFAULT NULL,
  `created_by` int(11) DEFAULT NULL,
  `updated_by` int(11) DEFAULT NULL,
  `created_at` timestamp NOT NULL DEFAULT CURRENT_TIMESTAMP,
  `updated_at` timestamp NOT NULL DEFAULT CURRENT_TIMESTAMP
) ENGINE=InnoDB DEFAULT CHARSET=latin1;

--
-- Dumping data for table `products`
--

INSERT INTO `products` (`id`, `category_id`, `sub_category_id`, `product_name`, `main_unit_id`, `image_id`, `description`, `status`, `is_active`, `created_by`, `updated_by`, `created_at`, `updated_at`) VALUES
(1, 1, 3, 'Loose Beanshoots', 1, 0, 'A small river named Duden flows by their place and supplies it with the necessary regelialia. It is a paradisematic country, in which roasted parts of sentences fly into your mouth. Text should turn around and return to its own, safe country. But nothing the copy said could convince her and so it didn’t take long until.', 1, 1, 1, NULL, '2020-04-16 06:23:51', '2020-04-16 06:23:51'),
(2, 1, 4, 'Machine Cut Beans', 1, 0, 'A small river named Duden flows by their place and supplies it with the necessary regelialia. It is a paradisematic country, in which roasted parts of sentences fly into your mouth. Text should turn around and return to its own, safe country. But nothing the copy said could convince her and so it didn’t take long until.', 1, 1, 1, NULL, '2020-04-16 06:33:40', '2020-04-16 06:33:40'),
(3, 1, 3, 'Snowpea Sprts', 1, 0, 'A small river named Duden flows by their place and supplies it with the necessary regelialia. It is a paradisematic country, in which roasted parts of sentences fly into your mouth. Text should turn around and return to its own, safe country. But nothing the copy said could convince her and so it didn’t take long until.', 1, 1, 1, NULL, '2020-04-16 06:34:38', '2020-04-16 06:34:38'),
(4, 1, 4, 'P/P Beans', 1, 0, 'A small river named Duden flows by their place and supplies it with the necessary regelialia. It is a paradisematic country, in which roasted parts of sentences fly into your mouth. Text should turn around and return to its own, safe country. But nothing the copy said could convince her and so it didn’t take long until.', 1, 1, 1, NULL, '2020-04-16 06:35:22', '2020-04-16 06:35:22'),
(5, 1, 4, 'Flat Beans', 1, 0, 'A small river named Duden flows by their place and supplies it with the necessary regelialia. It is a paradisematic country, in which roasted parts of sentences fly into your mouth. Text should turn around and return to its own, safe country. But nothing the copy said could convince her and so it didn’t take long until.', 1, 1, 1, NULL, '2020-04-16 06:35:49', '2020-04-16 06:35:49'),
(6, 1, 5, 'Broccolini', 1, 0, 'A small river named Duden flows by their place and supplies it with the necessary regelialia. It is a paradisematic country, in which roasted parts of sentences fly into your mouth. Text should turn around and return to its own, safe country. But nothing the copy said could convince her and so it didn’t take long until.', 1, 1, 1, NULL, '2020-04-16 06:36:37', '2020-04-16 06:36:37'),
(7, 1, 6, 'Brussel', 1, 0, 'A small river named Duden flows by their place and supplies it with the necessary regelialia. It is a paradisematic country, in which roasted parts of sentences fly into your mouth. Text should turn around and return to its own, safe country. But nothing the copy said could convince her and so it didn’t take long until.', 1, 1, 1, NULL, '2020-04-16 06:37:40', '2020-04-16 06:37:40'),
(8, 1, 6, 'Brussel Spouts', 1, 0, 'A small river named Duden flows by their place and supplies it with the necessary regelialia. It is a paradisematic country, in which roasted parts of sentences fly into your mouth. Text should turn around and return to its own, safe country. But nothing the copy said could convince her and so it didn’t take long until.', 1, 1, 1, NULL, '2020-04-16 06:38:36', '2020-04-16 06:38:36'),
(9, 1, 6, 'Beets', 1, 0, 'A small river named Duden flows by their place and supplies it with the necessary regelialia. It is a paradisematic country, in which roasted parts of sentences fly into your mouth. Text should turn around and return to its own, safe country. But nothing the copy said could convince her and so it didn’t take long until.', 1, 1, 1, NULL, '2020-04-16 06:39:01', '2020-04-16 06:39:01'),
(10, 1, 8, 'White Cabbage', 1, 0, 'A small river named Duden flows by their place and supplies it with the necessary regelialia. It is a paradisematic country, in which roasted parts of sentences fly into your mouth. Text should turn around and return to its own, safe country. But nothing the copy said could convince her and so it didn’t take long until.', 1, 1, 1, NULL, '2020-04-17 05:15:27', '2020-04-17 05:15:27'),
(11, 1, 8, 'Red Cabbage', 1, 0, 'A small river named Duden flows by their place and supplies it with the necessary regelialia. It is a paradisematic country, in which roasted parts of sentences fly into your mouth. Text should turn around and return to its own, safe country. But nothing the copy said could convince her and so it didn’t take long until.', 1, 1, 1, NULL, '2020-04-17 05:16:12', '2020-04-17 05:16:12'),
(12, 1, 8, 'Savoy Cabbage', 1, 0, 'A small river named Duden flows by their place and supplies it with the necessary regelialia. It is a paradisematic country, in which roasted parts of sentences fly into your mouth. Text should turn around and return to its own, safe country. But nothing the copy said could convince her and so it didn’t take long until.', 1, 1, 1, NULL, '2020-04-17 05:16:55', '2020-04-17 05:16:55'),
(13, 1, 9, 'Cauliflower', 1, 0, 'A small river named Duden flows by their place and supplies it with the necessary regelialia. It is a paradisematic country, in which roasted parts of sentences fly into your mouth. Text should turn around and return to its own, safe country. But nothing the copy said could convince her and so it didn’t take long until.', 1, 1, 1, NULL, '2020-04-17 06:03:13', '2020-04-17 06:03:13'),
(14, 1, 10, 'Cont  Cucumbers', 1, 0, 'A small river named Duden flows by their place and supplies it with the necessary regelialia. It is a paradisematic country, in which roasted parts of sentences fly into your mouth. Text should turn around and return to its own, safe country. But nothing the copy said could convince her and so it didn’t take long until.', 1, 1, 1, NULL, '2020-04-17 06:05:25', '2020-04-17 06:05:25'),
(15, 1, 10, 'LEBs Cucumbers', 1, 0, 'A small river named Duden flows by their place and supplies it with the necessary regelialia. It is a paradisematic country, in which roasted parts of sentences fly into your mouth. Text should turn around and return to its own, safe country. But nothing the copy said could convince her and so it didn’t take long until.', 1, 1, 1, NULL, '2020-04-17 06:06:02', '2020-04-17 06:06:02'),
(16, 1, 10, 'Baby Lab Cucumbers', 1, 0, 'A small river named Duden flows by their place and supplies it with the necessary regelialia. It is a paradisematic country, in which roasted parts of sentences fly into your mouth. Text should turn around and return to its own, safe country. But nothing the copy said could convince her and so it didn’t take long until.', 1, 1, 1, NULL, '2020-04-17 06:09:53', '2020-04-17 06:09:53'),
(17, 1, 10, 'Baby Cucumbers', 1, 0, 'A small river named Duden flows by their place and supplies it with the necessary regelialia. It is a paradisematic country, in which roasted parts of sentences fly into your mouth. Text should turn around and return to its own, safe country. But nothing the copy said could convince her and so it didn’t take long until.', 1, 1, 1, NULL, '2020-04-17 06:10:58', '2020-04-17 06:10:58'),
(18, 1, 3, 'GOURM SPRT TRIO', 1, 0, 'A small river named Duden flows by their place and supplies it with the necessary regelialia. It is a paradisematic country, in which roasted parts of sentences fly into your mouth. Text should turn around and return to its own, safe country. But nothing the copy said could convince her and so it didn’t take long until.', 1, 1, 1, NULL, '2020-04-17 12:23:15', '2020-04-17 12:23:15'),
(19, 1, 4, 'Hand Packed', 1, 0, 'A small river named Duden flows by their place and supplies it with the necessary regelialia. It is a paradisematic country, in which roasted parts of sentences fly into your mouth. Text should turn around and return to its own, safe country. But nothing the copy said could convince her and so it didn’t take long until.', 1, 1, 1, NULL, '2020-04-17 12:24:02', '2020-04-17 12:24:02'),
(20, 1, 5, 'STYRENE BROCCOLI', 1, 0, 'A small river named Duden flows by their place and supplies it with the necessary regelialia. It is a paradisematic country, in which roasted parts of sentences fly into your mouth. Text should turn around and return to its own, safe country. But nothing the copy said could convince her and so it didn’t take long until.', 1, 1, 1, NULL, '2020-04-17 12:25:24', '2020-04-17 12:25:24'),
(21, 1, 8, 'BABY CHINESE CABBAGE', 1, 0, 'A small river named Duden flows by their place and supplies it with the necessary regelialia. It is a paradisematic country, in which roasted parts of sentences fly into your mouth. Text should turn around and return to its own, safe country. But nothing the copy said could convince her and so it didn’t take long until.', 1, 1, 1, NULL, '2020-04-17 12:28:09', '2020-04-17 12:28:09'),
(22, 1, 11, 'RED CAPSICUMS', 1, 0, 'A small river named Duden flows by their place and supplies it with the necessary regelialia. It is a paradisematic country, in which roasted parts of sentences fly into your mouth. Text should turn around and return to its own, safe country. But nothing the copy said could convince her and so it didn’t take long until.', 1, 1, 1, NULL, '2020-04-17 12:32:54', '2020-04-17 12:32:54'),
(23, 1, 11, 'GREEN CAPSICUMS', 1, 0, 'A small river named Duden flows by their place and supplies it with the necessary regelialia. It is a paradisematic country, in which roasted parts of sentences fly into your mouth. Text should turn around and return to its own, safe country. But nothing the copy said could convince her and so it didn’t take long until.', 1, 1, 1, NULL, '2020-04-17 12:33:24', '2020-04-17 12:33:24'),
(24, 1, 11, 'YELLOW CAPSICUMS', 1, 0, 'A small river named Duden flows by their place and supplies it with the necessary regelialia. It is a paradisematic country, in which roasted parts of sentences fly into your mouth. Text should turn around and return to its own, safe country. But nothing the copy said could convince her and so it didn’t take long until.', 1, 1, 1, NULL, '2020-04-17 12:33:52', '2020-04-17 12:33:52'),
(25, 1, 11, 'TRI COL P/P EA CAPSICUMS', 1, 0, 'A small river named Duden flows by their place and supplies it with the necessary regelialia. It is a paradisematic country, in which roasted parts of sentences fly into your mouth. Text should turn around and return to its own, safe country. But nothing the copy said could convince her and so it didn’t take long until.', 1, 1, 1, NULL, '2020-04-17 12:35:06', '2020-04-17 12:35:06'),
(26, 1, 11, 'P/P CAPSICUMS', 1, 0, 'A small river named Duden flows by their place and supplies it with the necessary regelialia. It is a paradisematic country, in which roasted parts of sentences fly into your mouth. Text should turn around and return to its own, safe country. But nothing the copy said could convince her and so it didn’t take long until.', 1, 1, 1, NULL, '2020-04-17 12:35:54', '2020-04-17 12:35:54'),
(27, 1, 11, 'BANANA SWEET CAPSICUMS', 1, 0, 'A small river named Duden flows by their place and supplies it with the necessary regelialia. It is a paradisematic country, in which roasted parts of sentences fly into your mouth. Text should turn around and return to its own, safe country. But nothing the copy said could convince her and so it didn’t take long until.', 1, 1, 1, NULL, '2020-04-17 12:36:30', '2020-04-17 12:36:30'),
(28, 1, 12, 'CARROTS LOOSE\r\n', 1, 0, 'A small river named Duden flows by their place and supplies it with the necessary regelialia. It is a paradisematic country, in which roasted parts of sentences fly into your mouth. Text should turn around and return to its own, safe country. But nothing the copy said could convince her and so it didn’t take long until.', 1, 1, 1, NULL, '2020-04-17 06:05:25', '2020-04-17 06:05:25'),
(29, 1, 12, 'P/P NICOL CARROTS', 1, 0, 'A small river named Duden flows by their place and supplies it with the necessary regelialia. It is a paradisematic country, in which roasted parts of sentences fly into your mouth. Text should turn around and return to its own, safe country. But nothing the copy said could convince her and so it didn’t take long until.', 1, 1, 1, NULL, '2020-04-17 06:06:02', '2020-04-17 06:06:02'),
(30, 1, 12, 'LINE CARROTS', 1, 0, 'A small river named Duden flows by their place and supplies it with the necessary regelialia. It is a paradisematic country, in which roasted parts of sentences fly into your mouth. Text should turn around and return to its own, safe country. But nothing the copy said could convince her and so it didn’t take long until.', 1, 1, 1, NULL, '2020-04-17 06:09:53', '2020-04-17 06:09:53'),
(31, 1, 12, 'CARROTS JUICING', 1, 0, 'A small river named Duden flows by their place and supplies it with the necessary regelialia. It is a paradisematic country, in which roasted parts of sentences fly into your mouth. Text should turn around and return to its own, safe country. But nothing the copy said could convince her and so it didn’t take long until.', 1, 1, 1, NULL, '2020-04-17 06:10:58', '2020-04-17 06:10:58'),
(32, 1, 12, 'HORSE CARROTS', 1, 0, 'A small river named Duden flows by their place and supplies it with the necessary regelialia. It is a paradisematic country, in which roasted parts of sentences fly into your mouth. Text should turn around and return to its own, safe country. But nothing the copy said could convince her and so it didn’t take long until.', 1, 1, 1, NULL, '2020-04-17 12:23:15', '2020-04-17 12:23:15'),
(33, 1, 12, 'LGE CARROTS', 1, 0, 'A small river named Duden flows by their place and supplies it with the necessary regelialia. It is a paradisematic country, in which roasted parts of sentences fly into your mouth. Text should turn around and return to its own, safe country. But nothing the copy said could convince her and so it didn’t take long until.', 1, 1, 1, NULL, '2020-04-17 12:24:02', '2020-04-17 12:24:02'),
(34, 1, 12, 'PURPLE CARROTS', 1, 0, 'A small river named Duden flows by their place and supplies it with the necessary regelialia. It is a paradisematic country, in which roasted parts of sentences fly into your mouth. Text should turn around and return to its own, safe country. But nothing the copy said could convince her and so it didn’t take long until.', 1, 1, 1, NULL, '2020-04-17 12:25:24', '2020-04-17 12:25:24'),
(35, 1, 12, 'CARROTS PUNNET', 1, 0, 'A small river named Duden flows by their place and supplies it with the necessary regelialia. It is a paradisematic country, in which roasted parts of sentences fly into your mouth. Text should turn around and return to its own, safe country. But nothing the copy said could convince her and so it didn’t take long until.', 1, 1, 1, NULL, '2020-04-17 12:28:09', '2020-04-17 12:28:09'),
(36, 1, 13, 'P/P CELERY', 1, 0, 'A small river named Duden flows by their place and supplies it with the necessary regelialia. It is a paradisematic country, in which roasted parts of sentences fly into your mouth. Text should turn around and return to its own, safe country. But nothing the copy said could convince her and so it didn’t take long until.', 1, 1, 1, NULL, '2020-04-17 12:48:45', '2020-04-17 12:48:45'),
(37, 1, 13, 'CTN CELERY', 1, 0, 'A small river named Duden flows by their place and supplies it with the necessary regelialia. It is a paradisematic country, in which roasted parts of sentences fly into your mouth. Text should turn around and return to its own, safe country. But nothing the copy said could convince her and so it didn’t take long until.', 1, 1, 1, NULL, '2020-04-17 12:49:08', '2020-04-17 12:49:08'),
(38, 1, 14, 'BIRDSEYE CHILLIES', 1, 0, 'A small river named Duden flows by their place and supplies it with the necessary regelialia. It is a paradisematic country, in which roasted parts of sentences fly into your mouth. Text should turn around and return to its own, safe country. But nothing the copy said could convince her and so it didn’t take long until.', 1, 1, 1, NULL, '2020-04-17 12:50:37', '2020-04-17 12:50:37'),
(39, 1, 14, 'RED CHILLIES', 1, 0, 'A small river named Duden flows by their place and supplies it with the necessary regelialia. It is a paradisematic country, in which roasted parts of sentences fly into your mouth. Text should turn around and return to its own, safe country. But nothing the copy said could convince her and so it didn’t take long until.', 1, 1, 1, NULL, '2020-04-17 12:51:16', '2020-04-17 12:51:16'),
(40, 1, 14, 'GREEN CHILLIES', 1, 0, 'A small river named Duden flows by their place and supplies it with the necessary regelialia. It is a paradisematic country, in which roasted parts of sentences fly into your mouth. Text should turn around and return to its own, safe country. But nothing the copy said could convince her and so it didn’t take long until.', 1, 1, 1, NULL, '2020-04-17 12:51:48', '2020-04-17 12:51:48'),
(41, 1, 15, 'EGG\'S TRAY', 1, 0, 'A small river named Duden flows by their place and supplies it with the necessary regelialia. It is a paradisematic country, in which roasted parts of sentences fly into your mouth. Text should turn around and return to its own, safe country. But nothing the copy said could convince her and so it didn’t take long until.', 1, 1, 1, NULL, '2020-04-17 12:56:24', '2020-04-17 12:56:24'),
(42, 1, 16, 'KILO PERU GARLIC', 1, 0, 'A small river named Duden flows by their place and supplies it with the necessary regelialia. It is a paradisematic country, in which roasted parts of sentences fly into your mouth. Text should turn around and return to its own, safe country. But nothing the copy said could convince her and so it didn’t take long until.', 1, 1, 1, NULL, '2020-04-17 12:58:12', '2020-04-17 12:58:12'),
(43, 1, 16, 'PERU GARLIC', 1, 0, 'A small river named Duden flows by their place and supplies it with the necessary regelialia. It is a paradisematic country, in which roasted parts of sentences fly into your mouth. Text should turn around and return to its own, safe country. But nothing the copy said could convince her and so it didn’t take long until.', 1, 1, 1, NULL, '2020-04-17 12:58:40', '2020-04-17 12:58:40'),
(44, 1, 16, 'P/P CHINESE GARLIC', 1, 0, 'A small river named Duden flows by their place and supplies it with the necessary regelialia. It is a paradisematic country, in which roasted parts of sentences fly into your mouth. Text should turn around and return to its own, safe country. But nothing the copy said could convince her and so it didn’t take long until.', 1, 1, 1, NULL, '2020-04-17 12:59:11', '2020-04-17 12:59:11'),
(45, 1, 16, 'SMOKED GARLIC', 1, 0, 'A small river named Duden flows by their place and supplies it with the necessary regelialia. It is a paradisematic country, in which roasted parts of sentences fly into your mouth. Text should turn around and return to its own, safe country. But nothing the copy said could convince her and so it didn’t take long until.', 1, 1, 1, NULL, '2020-04-17 12:59:38', '2020-04-17 12:59:38'),
(46, 1, 16, 'AUSTRALIAN GARLIC', 1, 0, 'A small river named Duden flows by their place and supplies it with the necessary regelialia. It is a paradisematic country, in which roasted parts of sentences fly into your mouth. Text should turn around and return to its own, safe country. But nothing the copy said could convince her and so it didn’t take long until.', 1, 1, 1, NULL, '2020-04-17 13:00:13', '2020-04-17 13:00:13'),
(47, 1, 18, 'LEEKS', 1, 0, 'A small river named Duden flows by their place and supplies it with the necessary regelialia. It is a paradisematic country, in which roasted parts of sentences fly into your mouth. Text should turn around and return to its own, safe country. But nothing the copy said could convince her and so it didn’t take long until.', 1, 1, 1, NULL, '2020-04-17 13:02:36', '2020-04-17 13:02:36'),
(48, 1, 18, 'LEEKS BCH LGE', 1, 0, 'A small river named Duden flows by their place and supplies it with the necessary regelialia. It is a paradisematic country, in which roasted parts of sentences fly into your mouth. Text should turn around and return to its own, safe country. But nothing the copy said could convince her and so it didn’t take long until.', 1, 1, 1, NULL, '2020-04-17 13:03:01', '2020-04-17 13:03:01'),
(49, 1, 19, 'FRESH CUT LETTUCE', 1, 0, 'A small river named Duden flows by their place and supplies it with the necessary regelialia. It is a paradisematic country, in which roasted parts of sentences fly into your mouth. Text should turn around and return to its own, safe country. But nothing the copy said could convince her and so it didn’t take long until.', 1, 1, 1, NULL, '2020-04-17 13:04:31', '2020-04-17 13:04:31'),
(50, 1, 19, 'WRAPPED LETTUCE', 1, 0, 'A small river named Duden flows by their place and supplies it with the necessary regelialia. It is a paradisematic country, in which roasted parts of sentences fly into your mouth. Text should turn around and return to its own, safe country. But nothing the copy said could convince her and so it didn’t take long until.', 1, 1, 1, NULL, '2020-04-17 13:05:03', '2020-04-17 13:05:03'),
(51, 1, 19, 'COS LETTUCE', 1, 0, 'A small river named Duden flows by their place and supplies it with the necessary regelialia. It is a paradisematic country, in which roasted parts of sentences fly into your mouth. Text should turn around and return to its own, safe country. But nothing the copy said could convince her and so it didn’t take long until.', 1, 1, 1, NULL, '2020-04-17 13:05:35', '2020-04-17 13:05:35'),
(52, 1, 20, 'ROCKET RF P/P', 1, NULL, 'A small river named Duden flows by their place and supplies it with the necessary regelialia. It is a paradisematic country, in which roasted parts of sentences fly into your mouth. Text should turn around and return to its own, safe country. But nothing the copy said could convince her and so it didn’t take long until.', 1, 1, 1, NULL, '2020-04-17 13:15:58', '2020-04-17 13:15:58'),
(53, 1, 20, 'SWEETMIX  RF P/P', 1, NULL, 'A small river named Duden flows by their place and supplies it with the necessary regelialia. It is a paradisematic country, in which roasted parts of sentences fly into your mouth. Text should turn around and return to its own, safe country. But nothing the copy said could convince her and so it didn’t take long until.', 1, 1, 1, NULL, '2020-04-17 13:15:58', '2020-04-17 13:15:58'),
(54, 1, 20, 'BABY CHARD RF P/P', 1, NULL, 'A small river named Duden flows by their place and supplies it with the necessary regelialia. It is a paradisematic country, in which roasted parts of sentences fly into your mouth. Text should turn around and return to its own, safe country. But nothing the copy said could convince her and so it didn’t take long until.', 1, 1, 1, NULL, '2020-04-17 13:15:58', '2020-04-17 13:15:58'),
(55, 1, 20, 'CEASAR COS RF P/P', 1, NULL, 'A small river named Duden flows by their place and supplies it with the necessary regelialia. It is a paradisematic country, in which roasted parts of sentences fly into your mouth. Text should turn around and return to its own, safe country. But nothing the copy said could convince her and so it didn’t take long until.', 1, 1, 1, NULL, '2020-04-17 13:15:58', '2020-04-17 13:15:58'),
(56, 1, 20, 'KALE RF P/P', 1, NULL, 'A small river named Duden flows by their place and supplies it with the necessary regelialia. It is a paradisematic country, in which roasted parts of sentences fly into your mouth. Text should turn around and return to its own, safe country. But nothing the copy said could convince her and so it didn’t take long until.', 1, 1, 1, NULL, '2020-04-17 13:15:58', '2020-04-17 13:15:58'),
(57, 1, 20, 'ASIAN MIX RF P/P', 1, NULL, 'A small river named Duden flows by their place and supplies it with the necessary regelialia. It is a paradisematic country, in which roasted parts of sentences fly into your mouth. Text should turn around and return to its own, safe country. But nothing the copy said could convince her and so it didn’t take long until.', 1, 1, 1, NULL, '2020-04-17 13:15:58', '2020-04-17 13:15:58'),
(58, 1, 20, 'ITALIAN MIX RF P/P', 1, NULL, 'A small river named Duden flows by their place and supplies it with the necessary regelialia. It is a paradisematic country, in which roasted parts of sentences fly into your mouth. Text should turn around and return to its own, safe country. But nothing the copy said could convince her and so it didn’t take long until.', 1, 1, 1, NULL, '2020-04-17 13:15:58', '2020-04-17 13:15:58'),
(59, 1, 20, 'SPINACH & ROCKET RF P/P', 1, NULL, 'A small river named Duden flows by their place and supplies it with the necessary regelialia. It is a paradisematic country, in which roasted parts of sentences fly into your mouth. Text should turn around and return to its own, safe country. But nothing the copy said could convince her and so it didn’t take long until.', 1, 1, 1, NULL, '2020-04-17 13:15:58', '2020-04-17 13:15:58'),
(60, 1, 20, 'JUICING GREENS RF P/P', 1, NULL, 'A small river named Duden flows by their place and supplies it with the necessary regelialia. It is a paradisematic country, in which roasted parts of sentences fly into your mouth. Text should turn around and return to its own, safe country. But nothing the copy said could convince her and so it didn’t take long until.', 1, 1, 1, NULL, '2020-04-17 13:15:58', '2020-04-17 13:15:58'),
(61, 1, 20, 'GREEN CHARD RF P/P', 1, NULL, 'A small river named Duden flows by their place and supplies it with the necessary regelialia. It is a paradisematic country, in which roasted parts of sentences fly into your mouth. Text should turn around and return to its own, safe country. But nothing the copy said could convince her and so it didn’t take long until.', 1, 1, 1, NULL, '2020-04-17 13:15:58', '2020-04-17 13:15:58'),
(62, 1, 20, 'LETT MIX RF P/P', 1, NULL, 'A small river named Duden flows by their place and supplies it with the necessary regelialia. It is a paradisematic country, in which roasted parts of sentences fly into your mouth. Text should turn around and return to its own, safe country. But nothing the copy said could convince her and so it didn’t take long until.', 1, 1, 1, NULL, '2020-04-17 13:15:58', '2020-04-17 13:15:58'),
(63, 1, 20, 'SPINACH RF P/P', 1, NULL, 'A small river named Duden flows by their place and supplies it with the necessary regelialia. It is a paradisematic country, in which roasted parts of sentences fly into your mouth. Text should turn around and return to its own, safe country. But nothing the copy said could convince her and so it didn’t take long until.', 1, 1, 1, NULL, '2020-04-17 13:15:58', '2020-04-17 13:15:58'),
(64, 1, 21, 'LETT MIX SEL P/P', 1, NULL, 'A small river named Duden flows by their place and supplies it with the necessary regelialia. It is a paradisematic country, in which roasted parts of sentences fly into your mouth. Text should turn around and return to its own, safe country. But nothing the copy said could convince her and so it didn’t take long until.', 1, 1, 1, NULL, '2020-04-17 13:26:32', '2020-04-17 13:26:32'),
(65, 1, 21, 'SPINACH  SEL P/P', 1, NULL, 'A small river named Duden flows by their place and supplies it with the necessary regelialia. It is a paradisematic country, in which roasted parts of sentences fly into your mouth. Text should turn around and return to its own, safe country. But nothing the copy said could convince her and so it didn’t take long until.', 1, 1, 1, NULL, '2020-04-17 13:26:32', '2020-04-17 13:26:32'),
(66, 1, 21, 'ROCKET SEL P/P', 1, NULL, 'A small river named Duden flows by their place and supplies it with the necessary regelialia. It is a paradisematic country, in which roasted parts of sentences fly into your mouth. Text should turn around and return to its own, safe country. But nothing the copy said could convince her and so it didn’t take long until.', 1, 1, 1, NULL, '2020-04-17 13:26:32', '2020-04-17 13:26:32'),
(67, 1, 21, 'SWEETMIX SEL P/P', 1, NULL, 'A small river named Duden flows by their place and supplies it with the necessary regelialia. It is a paradisematic country, in which roasted parts of sentences fly into your mouth. Text should turn around and return to its own, safe country. But nothing the copy said could convince her and so it didn’t take long until.', 1, 1, 1, NULL, '2020-04-17 13:26:32', '2020-04-17 13:26:32'),
(68, 1, 21, 'PAK SEL P/P', 1, NULL, 'A small river named Duden flows by their place and supplies it with the necessary regelialia. It is a paradisematic country, in which roasted parts of sentences fly into your mouth. Text should turn around and return to its own, safe country. But nothing the copy said could convince her and so it didn’t take long until.', 1, 1, 1, NULL, '2020-04-17 13:26:32', '2020-04-17 13:26:32'),
(69, 1, 21, 'CHOI SUM SEL P/P', 1, NULL, 'A small river named Duden flows by their place and supplies it with the necessary regelialia. It is a paradisematic country, in which roasted parts of sentences fly into your mouth. Text should turn around and return to its own, safe country. But nothing the copy said could convince her and so it didn’t take long until.', 1, 1, 1, NULL, '2020-04-17 13:26:32', '2020-04-17 13:26:32'),
(70, 1, 21, 'SALAD MIX SEL P/P', 1, NULL, 'A small river named Duden flows by their place and supplies it with the necessary regelialia. It is a paradisematic country, in which roasted parts of sentences fly into your mouth. Text should turn around and return to its own, safe country. But nothing the copy said could convince her and so it didn’t take long until.', 1, 1, 1, NULL, '2020-04-17 13:26:32', '2020-04-17 13:26:32'),
(71, 1, 21, 'SPINACH SEL P/P', 1, NULL, 'A small river named Duden flows by their place and supplies it with the necessary regelialia. It is a paradisematic country, in which roasted parts of sentences fly into your mouth. Text should turn around and return to its own, safe country. But nothing the copy said could convince her and so it didn’t take long until.', 1, 1, 1, NULL, '2020-04-17 13:26:32', '2020-04-17 13:26:32'),
(72, 1, 22, 'COS LOOSE LEAF', 1, NULL, 'A small river named Duden flows by their place and supplies it with the necessary regelialia. It is a paradisematic country, in which roasted parts of sentences fly into your mouth. Text should turn around and return to its own, safe country. But nothing the copy said could convince her and so it didn’t take long until.', 1, 1, 1, NULL, '2020-04-17 13:32:46', '2020-04-17 13:32:46'),
(73, 1, 22, 'BASIL LOOSE LEAF', 1, NULL, 'A small river named Duden flows by their place and supplies it with the necessary regelialia. It is a paradisematic country, in which roasted parts of sentences fly into your mouth. Text should turn around and return to its own, safe country. But nothing the copy said could convince her and so it didn’t take long until.', 1, 1, 1, NULL, '2020-04-17 13:32:46', '2020-04-17 13:32:46'),
(74, 1, 22, 'ITALIAN MIX LOOSE LEAF', 1, NULL, 'A small river named Duden flows by their place and supplies it with the necessary regelialia. It is a paradisematic country, in which roasted parts of sentences fly into your mouth. Text should turn around and return to its own, safe country. But nothing the copy said could convince her and so it didn’t take long until.', 1, 1, 1, NULL, '2020-04-17 13:32:46', '2020-04-17 13:32:46'),
(75, 1, 22, 'ROCKET LOOSE LEAF', 1, NULL, 'A small river named Duden flows by their place and supplies it with the necessary regelialia. It is a paradisematic country, in which roasted parts of sentences fly into your mouth. Text should turn around and return to its own, safe country. But nothing the copy said could convince her and so it didn’t take long until.', 1, 1, 1, NULL, '2020-04-17 13:32:46', '2020-04-17 13:32:46'),
(76, 1, 22, 'CORRIANDER LOOSE LEAF', 1, NULL, 'A small river named Duden flows by their place and supplies it with the necessary regelialia. It is a paradisematic country, in which roasted parts of sentences fly into your mouth. Text should turn around and return to its own, safe country. But nothing the copy said could convince her and so it didn’t take long until.', 1, 1, 1, NULL, '2020-04-17 13:32:46', '2020-04-17 13:32:46'),
(77, 1, 22, 'OAKLEAF LOOSE LEAF', 1, NULL, 'A small river named Duden flows by their place and supplies it with the necessary regelialia. It is a paradisematic country, in which roasted parts of sentences fly into your mouth. Text should turn around and return to its own, safe country. But nothing the copy said could convince her and so it didn’t take long until.', 1, 1, 1, NULL, '2020-04-17 13:32:46', '2020-04-17 13:32:46'),
(78, 1, 22, 'CHARD LOOSE LEAF', 1, NULL, 'A small river named Duden flows by their place and supplies it with the necessary regelialia. It is a paradisematic country, in which roasted parts of sentences fly into your mouth. Text should turn around and return to its own, safe country. But nothing the copy said could convince her and so it didn’t take long until.', 1, 1, 1, NULL, '2020-04-17 13:32:46', '2020-04-17 13:32:46'),
(79, 1, 22, 'LETTUCE LOOSE LEAF', 1, NULL, 'A small river named Duden flows by their place and supplies it with the necessary regelialia. It is a paradisematic country, in which roasted parts of sentences fly into your mouth. Text should turn around and return to its own, safe country. But nothing the copy said could convince her and so it didn’t take long until.', 1, 1, 1, NULL, '2020-04-17 13:32:46', '2020-04-17 13:32:46'),
(80, 1, 22, 'SPINACH LOOSE LEAF', 1, NULL, 'A small river named Duden flows by their place and supplies it with the necessary regelialia. It is a paradisematic country, in which roasted parts of sentences fly into your mouth. Text should turn around and return to its own, safe country. But nothing the copy said could convince her and so it didn’t take long until.', 1, 1, 1, NULL, '2020-04-17 13:32:46', '2020-04-17 13:32:46'),
(81, 1, 22, 'TUSCAN LOOSE LEAF', 1, NULL, 'A small river named Duden flows by their place and supplies it with the necessary regelialia. It is a paradisematic country, in which roasted parts of sentences fly into your mouth. Text should turn around and return to its own, safe country. But nothing the copy said could convince her and so it didn’t take long until.', 1, 1, 1, NULL, '2020-04-17 13:32:46', '2020-04-17 13:32:46'),
(82, 1, 23, 'LGE MUSHROOM', 1, NULL, 'A small river named Duden flows by their place and supplies it with the necessary regelialia. It is a paradisematic country, in which roasted parts of sentences fly into your mouth. Text should turn around and return to its own, safe country. But nothing the copy said could convince her and so it didn’t take long until.', 1, 1, 1, NULL, '2020-04-17 13:45:52', '2020-04-17 13:45:52'),
(83, 1, 23, 'MUSHROOMS MED BLUE MUSHROOM', 1, NULL, 'A small river named Duden flows by their place and supplies it with the necessary regelialia. It is a paradisematic country, in which roasted parts of sentences fly into your mouth. Text should turn around and return to its own, safe country. But nothing the copy said could convince her and so it didn’t take long until.', 1, 1, 1, NULL, '2020-04-17 13:45:52', '2020-04-17 13:45:52'),
(84, 1, 23, 'SMALL MUSHROOM', 1, NULL, 'A small river named Duden flows by their place and supplies it with the necessary regelialia. It is a paradisematic country, in which roasted parts of sentences fly into your mouth. Text should turn around and return to its own, safe country. But nothing the copy said could convince her and so it didn’t take long until.', 1, 1, 1, NULL, '2020-04-17 13:45:52', '2020-04-17 13:45:52'),
(85, 1, 23, 'OPEN WHITE MUSHROOM', 1, NULL, 'A small river named Duden flows by their place and supplies it with the necessary regelialia. It is a paradisematic country, in which roasted parts of sentences fly into your mouth. Text should turn around and return to its own, safe country. But nothing the copy said could convince her and so it didn’t take long until.', 1, 1, 1, NULL, '2020-04-17 13:45:52', '2020-04-17 13:45:52'),
(86, 1, 23, 'BUTTON SWISS MUSHROOM', 1, NULL, 'A small river named Duden flows by their place and supplies it with the necessary regelialia. It is a paradisematic country, in which roasted parts of sentences fly into your mouth. Text should turn around and return to its own, safe country. But nothing the copy said could convince her and so it didn’t take long until.', 1, 1, 1, NULL, '2020-04-17 13:45:52', '2020-04-17 13:45:52'),
(87, 1, 23, 'OPEN SWISS MUSHROOM', 1, NULL, 'A small river named Duden flows by their place and supplies it with the necessary regelialia. It is a paradisematic country, in which roasted parts of sentences fly into your mouth. Text should turn around and return to its own, safe country. But nothing the copy said could convince her and so it didn’t take long until.', 1, 1, 1, NULL, '2020-04-17 13:45:52', '2020-04-17 13:45:52'),
(88, 1, 23, 'SLICED GREEN MUSHROOM', 1, NULL, 'A small river named Duden flows by their place and supplies it with the necessary regelialia. It is a paradisematic country, in which roasted parts of sentences fly into your mouth. Text should turn around and return to its own, safe country. But nothing the copy said could convince her and so it didn’t take long until.', 1, 1, 1, NULL, '2020-04-17 13:45:52', '2020-04-17 13:45:52'),
(89, 1, 23, 'BUTTON GREEN MUSHROOM', 1, NULL, 'A small river named Duden flows by their place and supplies it with the necessary regelialia. It is a paradisematic country, in which roasted parts of sentences fly into your mouth. Text should turn around and return to its own, safe country. But nothing the copy said could convince her and so it didn’t take long until.', 1, 1, 1, NULL, '2020-04-17 13:45:52', '2020-04-17 13:45:52'),
(90, 1, 23, 'CUP MUSHROOM', 1, NULL, 'A small river named Duden flows by their place and supplies it with the necessary regelialia. It is a paradisematic country, in which roasted parts of sentences fly into your mouth. Text should turn around and return to its own, safe country. But nothing the copy said could convince her and so it didn’t take long until.', 1, 1, 1, NULL, '2020-04-17 13:45:52', '2020-04-17 13:45:52'),
(91, 1, 23, 'VITAMIN D MUSHROOM', 1, NULL, 'A small river named Duden flows by their place and supplies it with the necessary regelialia. It is a paradisematic country, in which roasted parts of sentences fly into your mouth. Text should turn around and return to its own, safe country. But nothing the copy said could convince her and so it didn’t take long until.', 1, 1, 1, NULL, '2020-04-17 13:45:52', '2020-04-17 13:45:52'),
(92, 1, 23, 'ENOKI P/P MUSHROOM', 1, NULL, 'A small river named Duden flows by their place and supplies it with the necessary regelialia. It is a paradisematic country, in which roasted parts of sentences fly into your mouth. Text should turn around and return to its own, safe country. But nothing the copy said could convince her and so it didn’t take long until.', 1, 1, 1, NULL, '2020-04-17 13:45:52', '2020-04-17 13:45:52'),
(93, 1, 23, 'SHITAKI P/P MUSHROOM', 1, NULL, 'A small river named Duden flows by their place and supplies it with the necessary regelialia. It is a paradisematic country, in which roasted parts of sentences fly into your mouth. Text should turn around and return to its own, safe country. But nothing the copy said could convince her and so it didn’t take long until.', 1, 1, 1, NULL, '2020-04-17 13:45:52', '2020-04-17 13:45:52'),
(94, 1, 23, 'OYSTER P/P MUSHROOM', 1, NULL, 'A small river named Duden flows by their place and supplies it with the necessary regelialia. It is a paradisematic country, in which roasted parts of sentences fly into your mouth. Text should turn around and return to its own, safe country. But nothing the copy said could convince her and so it didn’t take long until.', 1, 1, 1, NULL, '2020-04-17 13:45:52', '2020-04-17 13:45:52'),
(95, 1, 23, 'SHIMEJI P/P MUSHROOM', 1, NULL, 'A small river named Duden flows by their place and supplies it with the necessary regelialia. It is a paradisematic country, in which roasted parts of sentences fly into your mouth. Text should turn around and return to its own, safe country. But nothing the copy said could convince her and so it didn’t take long until.', 1, 1, 1, NULL, '2020-04-17 13:45:52', '2020-04-17 13:45:52'),
(96, 1, 23, 'BABY KING OYSTER MUSHROOM', 1, NULL, 'A small river named Duden flows by their place and supplies it with the necessary regelialia. It is a paradisematic country, in which roasted parts of sentences fly into your mouth. Text should turn around and return to its own, safe country. But nothing the copy said could convince her and so it didn’t take long until.', 1, 1, 1, NULL, '2020-04-17 13:45:52', '2020-04-17 13:45:52'),
(97, 1, 23, 'GOURMET MUSH MIX MUSHROOM', 1, NULL, 'A small river named Duden flows by their place and supplies it with the necessary regelialia. It is a paradisematic country, in which roasted parts of sentences fly into your mouth. Text should turn around and return to its own, safe country. But nothing the copy said could convince her and so it didn’t take long until.', 1, 1, 1, NULL, '2020-04-17 13:45:52', '2020-04-17 13:45:52'),
(98, 1, 23, 'KING OYSTER MUSHROOM', 1, NULL, 'A small river named Duden flows by their place and supplies it with the necessary regelialia. It is a paradisematic country, in which roasted parts of sentences fly into your mouth. Text should turn around and return to its own, safe country. But nothing the copy said could convince her and so it didn’t take long until.', 1, 1, 1, NULL, '2020-04-17 13:45:52', '2020-04-17 13:45:52'),
(99, 1, 23, 'DRIED PORCHINNI MUSHROOM', 1, NULL, 'A small river named Duden flows by their place and supplies it with the necessary regelialia. It is a paradisematic country, in which roasted parts of sentences fly into your mouth. Text should turn around and return to its own, safe country. But nothing the copy said could convince her and so it didn’t take long until.', 1, 1, 1, NULL, '2020-04-17 13:45:52', '2020-04-17 13:45:52'),
(100, 1, 23, 'PEARL MUSHROOM', 1, NULL, 'A small river named Duden flows by their place and supplies it with the necessary regelialia. It is a paradisematic country, in which roasted parts of sentences fly into your mouth. Text should turn around and return to its own, safe country. But nothing the copy said could convince her and so it didn’t take long until.', 1, 1, 1, NULL, '2020-04-17 13:45:52', '2020-04-17 13:45:52'),
(101, 1, 24, 'WHITE ONIONS', 1, NULL, 'A small river named Duden flows by their place and supplies it with the necessary regelialia. It is a paradisematic country, in which roasted parts of sentences fly into your mouth. Text should turn around and return to its own, safe country. But nothing the copy said could convince her and so it didn’t take long until.', 1, 1, 1, NULL, '2020-04-17 14:10:18', '2020-04-17 14:10:18'),
(102, 1, 24, 'BROWN ONIONS', 1, NULL, 'A small river named Duden flows by their place and supplies it with the necessary regelialia. It is a paradisematic country, in which roasted parts of sentences fly into your mouth. Text should turn around and return to its own, safe country. But nothing the copy said could convince her and so it didn’t take long until.', 1, 1, 1, NULL, '2020-04-17 14:10:18', '2020-04-17 14:10:18'),
(103, 1, 24, 'LGE BROWN ONIONS', 1, NULL, 'A small river named Duden flows by their place and supplies it with the necessary regelialia. It is a paradisematic country, in which roasted parts of sentences fly into your mouth. Text should turn around and return to its own, safe country. But nothing the copy said could convince her and so it didn’t take long until.', 1, 1, 1, NULL, '2020-04-17 14:10:18', '2020-04-17 14:10:18'),
(104, 1, 24, 'RED ONIONS', 1, NULL, 'A small river named Duden flows by their place and supplies it with the necessary regelialia. It is a paradisematic country, in which roasted parts of sentences fly into your mouth. Text should turn around and return to its own, safe country. But nothing the copy said could convince her and so it didn’t take long until.', 1, 1, 1, NULL, '2020-04-17 14:10:18', '2020-04-17 14:10:18'),
(105, 1, 24, 'SHALLOTS ONIONS', 1, NULL, 'A small river named Duden flows by their place and supplies it with the necessary regelialia. It is a paradisematic country, in which roasted parts of sentences fly into your mouth. Text should turn around and return to its own, safe country. But nothing the copy said could convince her and so it didn’t take long until.', 1, 1, 1, NULL, '2020-04-17 14:10:18', '2020-04-17 14:10:18'),
(106, 1, 24, 'SLICED ONIONS', 1, NULL, 'A small river named Duden flows by their place and supplies it with the necessary regelialia. It is a paradisematic country, in which roasted parts of sentences fly into your mouth. Text should turn around and return to its own, safe country. But nothing the copy said could convince her and so it didn’t take long until.', 1, 1, 1, NULL, '2020-04-17 14:10:18', '2020-04-17 14:10:18'),
(107, 1, 24, 'BBQ BROWN ONIONS', 1, NULL, 'A small river named Duden flows by their place and supplies it with the necessary regelialia. It is a paradisematic country, in which roasted parts of sentences fly into your mouth. Text should turn around and return to its own, safe country. But nothing the copy said could convince her and so it didn’t take long until.', 1, 1, 1, NULL, '2020-04-17 14:10:18', '2020-04-17 14:10:18'),
(108, 1, 24, 'PICKLING ONIONS', 1, NULL, 'A small river named Duden flows by their place and supplies it with the necessary regelialia. It is a paradisematic country, in which roasted parts of sentences fly into your mouth. Text should turn around and return to its own, safe country. But nothing the copy said could convince her and so it didn’t take long until.', 1, 1, 1, NULL, '2020-04-17 14:10:18', '2020-04-17 14:10:18'),
(109, 1, 24, 'BUNCHED WHITE SALAD ONIONS', 1, NULL, 'A small river named Duden flows by their place and supplies it with the necessary regelialia. It is a paradisematic country, in which roasted parts of sentences fly into your mouth. Text should turn around and return to its own, safe country. But nothing the copy said could convince her and so it didn’t take long until.', 1, 1, 1, NULL, '2020-04-17 14:10:18', '2020-04-17 14:10:18'),
(110, 1, 24, 'BUNCHED RED SALAD ONIONS', 1, NULL, 'A small river named Duden flows by their place and supplies it with the necessary regelialia. It is a paradisematic country, in which roasted parts of sentences fly into your mouth. Text should turn around and return to its own, safe country. But nothing the copy said could convince her and so it didn’t take long until.', 1, 1, 1, NULL, '2020-04-17 14:10:18', '2020-04-17 14:10:18'),
(111, 1, 25, 'PREMIUM WHITE POTATO', 1, NULL, 'A small river named Duden flows by their place and supplies it with the necessary regelialia. It is a paradisematic country, in which roasted parts of sentences fly into your mouth. Text should turn around and return to its own, safe country. But nothing the copy said could convince her and so it didn’t take long until.', 1, 1, 1, NULL, '2020-04-17 14:10:18', '2020-04-17 14:10:18'),
(112, 1, 25, 'PREMIUM RED POTATO', 1, NULL, 'A small river named Duden flows by their place and supplies it with the necessary regelialia. It is a paradisematic country, in which roasted parts of sentences fly into your mouth. Text should turn around and return to its own, safe country. But nothing the copy said could convince her and so it didn’t take long until.', 1, 1, 1, NULL, '2020-04-17 14:10:18', '2020-04-17 14:10:18'),
(113, 1, 25, 'KESTREL POTATO', 1, NULL, 'A small river named Duden flows by their place and supplies it with the necessary regelialia. It is a paradisematic country, in which roasted parts of sentences fly into your mouth. Text should turn around and return to its own, safe country. But nothing the copy said could convince her and so it didn’t take long until.', 1, 1, 1, NULL, '2020-04-17 14:10:18', '2020-04-17 14:10:18'),
(114, 1, 25, 'SMALL KESTREL POTATO', 1, NULL, 'A small river named Duden flows by their place and supplies it with the necessary regelialia. It is a paradisematic country, in which roasted parts of sentences fly into your mouth. Text should turn around and return to its own, safe country. But nothing the copy said could convince her and so it didn’t take long until.', 1, 1, 1, NULL, '2020-04-17 14:10:18', '2020-04-17 14:10:18'),
(115, 1, 25, 'WHITE POTATO', 1, NULL, 'A small river named Duden flows by their place and supplies it with the necessary regelialia. It is a paradisematic country, in which roasted parts of sentences fly into your mouth. Text should turn around and return to its own, safe country. But nothing the copy said could convince her and so it didn’t take long until.', 1, 1, 1, NULL, '2020-04-17 14:10:18', '2020-04-17 14:10:18'),
(116, 1, 25, 'RED POTATO', 1, NULL, 'A small river named Duden flows by their place and supplies it with the necessary regelialia. It is a paradisematic country, in which roasted parts of sentences fly into your mouth. Text should turn around and return to its own, safe country. But nothing the copy said could convince her and so it didn’t take long until.', 1, 1, 1, NULL, '2020-04-17 14:10:18', '2020-04-17 14:10:18'),
(117, 1, 25, 'KESTREL POTATO', 1, NULL, 'A small river named Duden flows by their place and supplies it with the necessary regelialia. It is a paradisematic country, in which roasted parts of sentences fly into your mouth. Text should turn around and return to its own, safe country. But nothing the copy said could convince her and so it didn’t take long until.', 1, 1, 1, NULL, '2020-04-17 14:10:18', '2020-04-17 14:10:18');
INSERT INTO `products` (`id`, `category_id`, `sub_category_id`, `product_name`, `main_unit_id`, `image_id`, `description`, `status`, `is_active`, `created_by`, `updated_by`, `created_at`, `updated_at`) VALUES
(118, 1, 25, 'SMALL WHITE POTATO', 1, NULL, 'A small river named Duden flows by their place and supplies it with the necessary regelialia. It is a paradisematic country, in which roasted parts of sentences fly into your mouth. Text should turn around and return to its own, safe country. But nothing the copy said could convince her and so it didn’t take long until.', 1, 1, 1, NULL, '2020-04-17 14:10:18', '2020-04-17 14:10:18'),
(119, 1, 25, 'SMALL RED POTATO', 1, NULL, 'A small river named Duden flows by their place and supplies it with the necessary regelialia. It is a paradisematic country, in which roasted parts of sentences fly into your mouth. Text should turn around and return to its own, safe country. But nothing the copy said could convince her and so it didn’t take long until.', 1, 1, 1, NULL, '2020-04-17 14:10:18', '2020-04-17 14:10:18'),
(120, 1, 25, 'BRUSHED POTATO', 1, NULL, 'A small river named Duden flows by their place and supplies it with the necessary regelialia. It is a paradisematic country, in which roasted parts of sentences fly into your mouth. Text should turn around and return to its own, safe country. But nothing the copy said could convince her and so it didn’t take long until.', 1, 1, 1, NULL, '2020-04-17 14:10:18', '2020-04-17 14:10:18'),
(121, 1, 25, 'COCKTAIL POTATO', 1, NULL, 'A small river named Duden flows by their place and supplies it with the necessary regelialia. It is a paradisematic country, in which roasted parts of sentences fly into your mouth. Text should turn around and return to its own, safe country. But nothing the copy said could convince her and so it didn’t take long until.', 1, 1, 1, NULL, '2020-04-17 14:10:18', '2020-04-17 14:10:18'),
(122, 1, 25, 'BELLITA POTATO', 1, NULL, 'A small river named Duden flows by their place and supplies it with the necessary regelialia. It is a paradisematic country, in which roasted parts of sentences fly into your mouth. Text should turn around and return to its own, safe country. But nothing the copy said could convince her and so it didn’t take long until.', 1, 1, 1, NULL, '2020-04-17 14:10:18', '2020-04-17 14:10:18'),
(123, 1, 25, 'COCKTAIL MICRO POTATO', 1, NULL, 'A small river named Duden flows by their place and supplies it with the necessary regelialia. It is a paradisematic country, in which roasted parts of sentences fly into your mouth. Text should turn around and return to its own, safe country. But nothing the copy said could convince her and so it didn’t take long until.', 1, 1, 1, NULL, '2020-04-17 14:10:18', '2020-04-17 14:10:18'),
(124, 1, 25, 'MARANKA POTATO', 1, NULL, 'A small river named Duden flows by their place and supplies it with the necessary regelialia. It is a paradisematic country, in which roasted parts of sentences fly into your mouth. Text should turn around and return to its own, safe country. But nothing the copy said could convince her and so it didn’t take long until.', 1, 1, 1, NULL, '2020-04-17 14:10:18', '2020-04-17 14:10:18'),
(125, 1, 25, 'ROYAL BLUE POTATO', 1, NULL, 'A small river named Duden flows by their place and supplies it with the necessary regelialia. It is a paradisematic country, in which roasted parts of sentences fly into your mouth. Text should turn around and return to its own, safe country. But nothing the copy said could convince her and so it didn’t take long until.', 1, 1, 1, NULL, '2020-04-17 14:10:18', '2020-04-17 14:10:18'),
(126, 1, 25, 'DUTCH CREAM POTATO', 1, NULL, 'A small river named Duden flows by their place and supplies it with the necessary regelialia. It is a paradisematic country, in which roasted parts of sentences fly into your mouth. Text should turn around and return to its own, safe country. But nothing the copy said could convince her and so it didn’t take long until.', 1, 1, 1, NULL, '2020-04-17 14:10:18', '2020-04-17 14:10:18'),
(127, 1, 25, 'KIPFLER POTATO', 1, NULL, 'A small river named Duden flows by their place and supplies it with the necessary regelialia. It is a paradisematic country, in which roasted parts of sentences fly into your mouth. Text should turn around and return to its own, safe country. But nothing the copy said could convince her and so it didn’t take long until.', 1, 1, 1, NULL, '2020-04-17 14:10:18', '2020-04-17 14:10:18'),
(128, 1, 25, 'SPUDLITE POTATO', 1, NULL, 'A small river named Duden flows by their place and supplies it with the necessary regelialia. It is a paradisematic country, in which roasted parts of sentences fly into your mouth. Text should turn around and return to its own, safe country. But nothing the copy said could convince her and so it didn’t take long until.', 1, 1, 1, NULL, '2020-04-17 14:10:18', '2020-04-17 14:10:18'),
(129, 1, 25, 'DAISY POTATO', 1, NULL, 'A small river named Duden flows by their place and supplies it with the necessary regelialia. It is a paradisematic country, in which roasted parts of sentences fly into your mouth. Text should turn around and return to its own, safe country. But nothing the copy said could convince her and so it didn’t take long until.', 1, 1, 1, NULL, '2020-04-17 14:10:18', '2020-04-17 14:10:18'),
(130, 1, 26, 'ORGANIC SALAD TUB', 1, NULL, 'A small river named Duden flows by their place and supplies it with the necessary regelialia. It is a paradisematic country, in which roasted parts of sentences fly into your mouth. Text should turn around and return to its own, safe country. But nothing the copy said could convince her and so it didn’t take long until.', 1, 1, 1, NULL, '2020-04-17 14:10:18', '2020-04-17 14:10:18'),
(131, 1, 26, 'ORGANIC SPINACH TUB', 1, NULL, 'A small river named Duden flows by their place and supplies it with the necessary regelialia. It is a paradisematic country, in which roasted parts of sentences fly into your mouth. Text should turn around and return to its own, safe country. But nothing the copy said could convince her and so it didn’t take long until.', 1, 1, 1, NULL, '2020-04-17 14:10:18', '2020-04-17 14:10:18'),
(132, 1, 26, 'ORGANIC ROQUETTE', 1, NULL, 'A small river named Duden flows by their place and supplies it with the necessary regelialia. It is a paradisematic country, in which roasted parts of sentences fly into your mouth. Text should turn around and return to its own, safe country. But nothing the copy said could convince her and so it didn’t take long until.', 1, 1, 1, NULL, '2020-04-17 14:10:18', '2020-04-17 14:10:18'),
(133, 1, 27, 'GREEN OAK LETTUCE HYDRO SLEEVED', 1, NULL, 'A small river named Duden flows by their place and supplies it with the necessary regelialia. It is a paradisematic country, in which roasted parts of sentences fly into your mouth. Text should turn around and return to its own, safe country. But nothing the copy said could convince her and so it didn’t take long until.', 1, 1, 1, NULL, '2020-04-17 14:10:18', '2020-04-17 14:10:18'),
(134, 1, 27, 'RED OAK LETTUCE HYDRO SLEEVED', 1, NULL, 'A small river named Duden flows by their place and supplies it with the necessary regelialia. It is a paradisematic country, in which roasted parts of sentences fly into your mouth. Text should turn around and return to its own, safe country. But nothing the copy said could convince her and so it didn’t take long until.', 1, 1, 1, NULL, '2020-04-17 14:10:18', '2020-04-17 14:10:18'),
(135, 1, 27, 'GREEN CORAL LETTUCE HYDRO SLEEVED', 1, NULL, 'A small river named Duden flows by their place and supplies it with the necessary regelialia. It is a paradisematic country, in which roasted parts of sentences fly into your mouth. Text should turn around and return to its own, safe country. But nothing the copy said could convince her and so it didn’t take long until.', 1, 1, 1, NULL, '2020-04-17 14:10:18', '2020-04-17 14:10:18'),
(136, 1, 27, 'RED CORAL LETTUCE HYDRO SLEEVED', 1, NULL, 'A small river named Duden flows by their place and supplies it with the necessary regelialia. It is a paradisematic country, in which roasted parts of sentences fly into your mouth. Text should turn around and return to its own, safe country. But nothing the copy said could convince her and so it didn’t take long until.', 1, 1, 1, NULL, '2020-04-17 14:10:18', '2020-04-17 14:10:18'),
(137, 1, 27, 'MIGNONETTE LETTUCE HYDRO SLEEVED', 1, NULL, 'A small river named Duden flows by their place and supplies it with the necessary regelialia. It is a paradisematic country, in which roasted parts of sentences fly into your mouth. Text should turn around and return to its own, safe country. But nothing the copy said could convince her and so it didn’t take long until.', 1, 1, 1, NULL, '2020-04-17 14:10:18', '2020-04-17 14:10:18'),
(138, 1, 27, 'DUO LETTUCE HYDRO SLEEVED', 1, NULL, 'A small river named Duden flows by their place and supplies it with the necessary regelialia. It is a paradisematic country, in which roasted parts of sentences fly into your mouth. Text should turn around and return to its own, safe country. But nothing the copy said could convince her and so it didn’t take long until.', 1, 1, 1, NULL, '2020-04-17 14:10:18', '2020-04-17 14:10:18'),
(139, 1, 28, 'PARSNIPS ROOT VEG', 1, NULL, 'A small river named Duden flows by their place and supplies it with the necessary regelialia. It is a paradisematic country, in which roasted parts of sentences fly into your mouth. Text should turn around and return to its own, safe country. But nothing the copy said could convince her and so it didn’t take long until.', 1, 1, 1, NULL, '2020-04-17 14:10:18', '2020-04-17 14:10:18'),
(140, 1, 28, 'TURNIPS ROOT VEG', 1, NULL, 'A small river named Duden flows by their place and supplies it with the necessary regelialia. It is a paradisematic country, in which roasted parts of sentences fly into your mouth. Text should turn around and return to its own, safe country. But nothing the copy said could convince her and so it didn’t take long until.', 1, 1, 1, NULL, '2020-04-17 14:10:18', '2020-04-17 14:10:18'),
(141, 1, 28, 'SWEDES ROOT VEG', 1, NULL, 'A small river named Duden flows by their place and supplies it with the necessary regelialia. It is a paradisematic country, in which roasted parts of sentences fly into your mouth. Text should turn around and return to its own, safe country. But nothing the copy said could convince her and so it didn’t take long until.', 1, 1, 1, NULL, '2020-04-17 14:10:18', '2020-04-17 14:10:18'),
(142, 1, 28, 'PARSNIPS ROOT VEG', 1, NULL, 'A small river named Duden flows by their place and supplies it with the necessary regelialia. It is a paradisematic country, in which roasted parts of sentences fly into your mouth. Text should turn around and return to its own, safe country. But nothing the copy said could convince her and so it didn’t take long until.', 1, 1, 1, NULL, '2020-04-17 14:10:18', '2020-04-17 14:10:18'),
(143, 1, 29, 'RHUBARB', 1, NULL, 'A small river named Duden flows by their place and supplies it with the necessary regelialia. It is a paradisematic country, in which roasted parts of sentences fly into your mouth. Text should turn around and return to its own, safe country. But nothing the copy said could convince her and so it didn’t take long until.', 1, 1, 1, NULL, '2020-04-17 14:10:18', '2020-04-17 14:10:18'),
(144, 1, 30, 'SNOW PEAS P/P', 1, NULL, 'A small river named Duden flows by their place and supplies it with the necessary regelialia. It is a paradisematic country, in which roasted parts of sentences fly into your mouth. Text should turn around and return to its own, safe country. But nothing the copy said could convince her and so it didn’t take long until.', 1, 1, 1, NULL, '2020-04-17 14:10:18', '2020-04-17 14:10:18'),
(145, 1, 30, 'LOOSE SNOW PEAS', 1, NULL, 'A small river named Duden flows by their place and supplies it with the necessary regelialia. It is a paradisematic country, in which roasted parts of sentences fly into your mouth. Text should turn around and return to its own, safe country. But nothing the copy said could convince her and so it didn’t take long until.', 1, 1, 1, NULL, '2020-04-17 14:10:18', '2020-04-17 14:10:18'),
(146, 1, 30, 'SUGAR SNAP P/P SNOW PEAS', 1, NULL, 'A small river named Duden flows by their place and supplies it with the necessary regelialia. It is a paradisematic country, in which roasted parts of sentences fly into your mouth. Text should turn around and return to its own, safe country. But nothing the copy said could convince her and so it didn’t take long until.', 1, 1, 1, NULL, '2020-04-17 14:10:18', '2020-04-17 14:10:18'),
(147, 1, 31, 'SWEETPOTATO', 1, NULL, 'A small river named Duden flows by their place and supplies it with the necessary regelialia. It is a paradisematic country, in which roasted parts of sentences fly into your mouth. Text should turn around and return to its own, safe country. But nothing the copy said could convince her and so it didn’t take long until.', 1, 1, 1, NULL, '2020-04-17 14:10:18', '2020-04-17 14:10:18'),
(148, 1, 32, 'BABY CORN THAILAND', 1, NULL, 'A small river named Duden flows by their place and supplies it with the necessary regelialia. It is a paradisematic country, in which roasted parts of sentences fly into your mouth. Text should turn around and return to its own, safe country. But nothing the copy said could convince her and so it didn’t take long until.', 1, 1, 1, NULL, '2020-04-17 14:10:18', '2020-04-17 14:10:18'),
(149, 1, 32, 'P/P SWEETCORN', 1, NULL, 'A small river named Duden flows by their place and supplies it with the necessary regelialia. It is a paradisematic country, in which roasted parts of sentences fly into your mouth. Text should turn around and return to its own, safe country. But nothing the copy said could convince her and so it didn’t take long until.', 1, 1, 1, NULL, '2020-04-17 14:10:18', '2020-04-17 14:10:18'),
(150, 1, 33, 'YELLOW SQUASH', 1, NULL, 'A small river named Duden flows by their place and supplies it with the necessary regelialia. It is a paradisematic country, in which roasted parts of sentences fly into your mouth. Text should turn around and return to its own, safe country. But nothing the copy said could convince her and so it didn’t take long until.', 1, 1, 1, NULL, '2020-04-17 14:10:18', '2020-04-17 14:10:18'),
(151, 1, 34, '1ST LOCAL TOMATO', 1, NULL, 'A small river named Duden flows by their place and supplies it with the necessary regelialia. It is a paradisematic country, in which roasted parts of sentences fly into your mouth. Text should turn around and return to its own, safe country. But nothing the copy said could convince her and so it didn’t take long until.', 1, 1, 1, NULL, '2020-04-17 14:10:18', '2020-04-17 14:10:18'),
(152, 1, 34, '2ND LOCAL TOMATO', 1, NULL, 'A small river named Duden flows by their place and supplies it with the necessary regelialia. It is a paradisematic country, in which roasted parts of sentences fly into your mouth. Text should turn around and return to its own, safe country. But nothing the copy said could convince her and so it didn’t take long until.', 1, 1, 1, NULL, '2020-04-17 14:10:18', '2020-04-17 14:10:18'),
(153, 1, 34, '3RD LOCAL ', 1, NULL, 'A small river named Duden flows by their place and supplies it with the necessary regelialia. It is a paradisematic country, in which roasted parts of sentences fly into your mouth. Text should turn around and return to its own, safe country. But nothing the copy said could convince her and so it didn’t take long until.', 1, 1, 1, NULL, '2020-04-17 14:10:18', '2020-04-17 14:10:18'),
(154, 1, 34, 'ROMA TOMATO', 1, NULL, 'A small river named Duden flows by their place and supplies it with the necessary regelialia. It is a paradisematic country, in which roasted parts of sentences fly into your mouth. Text should turn around and return to its own, safe country. But nothing the copy said could convince her and so it didn’t take long until.', 1, 1, 1, NULL, '2020-04-17 14:10:18', '2020-04-17 14:10:18'),
(155, 1, 34, 'TRUSS TOMATO', 1, NULL, 'A small river named Duden flows by their place and supplies it with the necessary regelialia. It is a paradisematic country, in which roasted parts of sentences fly into your mouth. Text should turn around and return to its own, safe country. But nothing the copy said could convince her and so it didn’t take long until.', 1, 1, 1, NULL, '2020-04-17 14:10:18', '2020-04-17 14:10:18'),
(156, 1, 34, 'MINI ROMA TOMATO', 1, NULL, 'A small river named Duden flows by their place and supplies it with the necessary regelialia. It is a paradisematic country, in which roasted parts of sentences fly into your mouth. Text should turn around and return to its own, safe country. But nothing the copy said could convince her and so it didn’t take long until.', 1, 1, 1, NULL, '2020-04-17 14:10:18', '2020-04-17 14:10:18'),
(157, 1, 34, 'CHERRY TOMATO P/P', 1, NULL, 'A small river named Duden flows by their place and supplies it with the necessary regelialia. It is a paradisematic country, in which roasted parts of sentences fly into your mouth. Text should turn around and return to its own, safe country. But nothing the copy said could convince her and so it didn’t take long until.', 1, 1, 1, NULL, '2020-04-17 14:10:18', '2020-04-17 14:10:18'),
(158, 1, 34, 'MEDELY TOMATO 200G', 1, NULL, 'A small river named Duden flows by their place and supplies it with the necessary regelialia. It is a paradisematic country, in which roasted parts of sentences fly into your mouth. Text should turn around and return to its own, safe country. But nothing the copy said could convince her and so it didn’t take long until.', 1, 1, 1, NULL, '2020-04-17 14:10:18', '2020-04-17 14:10:18'),
(159, 1, 34, 'MEDELY TOMATO', 1, NULL, 'A small river named Duden flows by their place and supplies it with the necessary regelialia. It is a paradisematic country, in which roasted parts of sentences fly into your mouth. Text should turn around and return to its own, safe country. But nothing the copy said could convince her and so it didn’t take long until.', 1, 1, 1, NULL, '2020-04-17 14:10:18', '2020-04-17 14:10:18'),
(160, 1, 34, 'YELLOW PEAR TOMATO', 1, NULL, 'A small river named Duden flows by their place and supplies it with the necessary regelialia. It is a paradisematic country, in which roasted parts of sentences fly into your mouth. Text should turn around and return to its own, safe country. But nothing the copy said could convince her and so it didn’t take long until.', 1, 1, 1, NULL, '2020-04-17 14:10:18', '2020-04-17 14:10:18'),
(161, 1, 34, 'HEIRLOOM TOMATO', 1, NULL, 'A small river named Duden flows by their place and supplies it with the necessary regelialia. It is a paradisematic country, in which roasted parts of sentences fly into your mouth. Text should turn around and return to its own, safe country. But nothing the copy said could convince her and so it didn’t take long until.', 1, 1, 1, NULL, '2020-04-17 14:10:18', '2020-04-17 14:10:18'),
(162, 1, 34, 'OXHEART TOMATO', 1, NULL, 'A small river named Duden flows by their place and supplies it with the necessary regelialia. It is a paradisematic country, in which roasted parts of sentences fly into your mouth. Text should turn around and return to its own, safe country. But nothing the copy said could convince her and so it didn’t take long until.', 1, 1, 1, NULL, '2020-04-17 14:10:18', '2020-04-17 14:10:18'),
(163, 1, 34, 'OTTELLO TOMATO', 1, NULL, 'A small river named Duden flows by their place and supplies it with the necessary regelialia. It is a paradisematic country, in which roasted parts of sentences fly into your mouth. Text should turn around and return to its own, safe country. But nothing the copy said could convince her and so it didn’t take long until.', 1, 1, 1, NULL, '2020-04-17 14:10:18', '2020-04-17 14:10:18'),
(164, 1, 34, 'CHERRY TRUSS P/P TOMATO', 1, NULL, 'A small river named Duden flows by their place and supplies it with the necessary regelialia. It is a paradisematic country, in which roasted parts of sentences fly into your mouth. Text should turn around and return to its own, safe country. But nothing the copy said could convince her and so it didn’t take long until.', 1, 1, 1, NULL, '2020-04-17 14:10:18', '2020-04-17 14:10:18'),
(165, 1, 34, 'BLUE SNACK TOMATO', 1, NULL, 'A small river named Duden flows by their place and supplies it with the necessary regelialia. It is a paradisematic country, in which roasted parts of sentences fly into your mouth. Text should turn around and return to its own, safe country. But nothing the copy said could convince her and so it didn’t take long until.', 1, 1, 1, NULL, '2020-04-17 14:10:18', '2020-04-17 14:10:18'),
(166, 1, 34, 'STRAWB C/TRUSS TOMATO', 1, NULL, 'A small river named Duden flows by their place and supplies it with the necessary regelialia. It is a paradisematic country, in which roasted parts of sentences fly into your mouth. Text should turn around and return to its own, safe country. But nothing the copy said could convince her and so it didn’t take long until.', 1, 1, 1, NULL, '2020-04-17 14:10:18', '2020-04-17 14:10:18'),
(167, 1, 34, 'LOOSE  C/TOMATO', 1, NULL, 'A small river named Duden flows by their place and supplies it with the necessary regelialia. It is a paradisematic country, in which roasted parts of sentences fly into your mouth. Text should turn around and return to its own, safe country. But nothing the copy said could convince her and so it didn’t take long until.', 1, 1, 1, NULL, '2020-04-17 14:10:18', '2020-04-17 14:10:18'),
(168, 1, 34, 'LOOSE CHERRY TRUSS TOMATO', 1, NULL, 'A small river named Duden flows by their place and supplies it with the necessary regelialia. It is a paradisematic country, in which roasted parts of sentences fly into your mouth. Text should turn around and return to its own, safe country. But nothing the copy said could convince her and so it didn’t take long until.', 1, 1, 1, NULL, '2020-04-17 14:10:18', '2020-04-17 14:10:18'),
(169, 1, 34, 'FLAVORINO TOMATOES', 1, NULL, 'A small river named Duden flows by their place and supplies it with the necessary regelialia. It is a paradisematic country, in which roasted parts of sentences fly into your mouth. Text should turn around and return to its own, safe country. But nothing the copy said could convince her and so it didn’t take long until.', 1, 1, 1, NULL, '2020-04-17 14:10:18', '2020-04-17 14:10:18'),
(170, 1, 35, 'WITLOF', 1, NULL, 'A small river named Duden flows by their place and supplies it with the necessary regelialia. It is a paradisematic country, in which roasted parts of sentences fly into your mouth. Text should turn around and return to its own, safe country. But nothing the copy said could convince her and so it didn’t take long until.', 1, 1, 1, NULL, '2020-04-17 14:10:18', '2020-04-17 14:10:18'),
(171, 1, 36, 'ZUCCHINI', 1, NULL, 'A small river named Duden flows by their place and supplies it with the necessary regelialia. It is a paradisematic country, in which roasted parts of sentences fly into your mouth. Text should turn around and return to its own, safe country. But nothing the copy said could convince her and so it didn’t take long until.', 1, 1, 1, NULL, '2020-04-17 14:10:18', '2020-04-17 14:10:18'),
(172, 1, 36, 'WHITE ZUCCHINI', 1, NULL, 'A small river named Duden flows by their place and supplies it with the necessary regelialia. It is a paradisematic country, in which roasted parts of sentences fly into your mouth. Text should turn around and return to its own, safe country. But nothing the copy said could convince her and so it didn’t take long until.', 1, 1, 1, NULL, '2020-04-17 14:10:18', '2020-04-17 14:10:18'),
(173, 1, 37, 'Q/LAND BLUE PUMPKIN', 1, NULL, 'A small river named Duden flows by their place and supplies it with the necessary regelialia. It is a paradisematic country, in which roasted parts of sentences fly into your mouth. Text should turn around and return to its own, safe country. But nothing the copy said could convince her and so it didn’t take long until.', 1, 1, 1, NULL, '2020-04-17 14:10:18', '2020-04-17 14:10:18'),
(174, 1, 37, 'JAP PUMPKIN', 1, NULL, 'A small river named Duden flows by their place and supplies it with the necessary regelialia. It is a paradisematic country, in which roasted parts of sentences fly into your mouth. Text should turn around and return to its own, safe country. But nothing the copy said could convince her and so it didn’t take long until.', 1, 1, 1, NULL, '2020-04-17 14:10:18', '2020-04-17 14:10:18'),
(175, 1, 37, 'BUTTERNUT PUMPKIN', 1, NULL, 'A small river named Duden flows by their place and supplies it with the necessary regelialia. It is a paradisematic country, in which roasted parts of sentences fly into your mouth. Text should turn around and return to its own, safe country. But nothing the copy said could convince her and so it didn’t take long until.', 1, 1, 1, NULL, '2020-04-17 14:10:18', '2020-04-17 14:10:18'),
(176, 1, 37, 'SPAGHETTI VEG PUMPKIN', 1, NULL, 'A small river named Duden flows by their place and supplies it with the necessary regelialia. It is a paradisematic country, in which roasted parts of sentences fly into your mouth. Text should turn around and return to its own, safe country. But nothing the copy said could convince her and so it didn’t take long until.', 1, 1, 1, NULL, '2020-04-17 14:10:18', '2020-04-17 14:10:18'),
(177, 1, 17, 'GINGER', 1, 0, 'A small river named Duden flows by their place and supplies it with the necessary regelialia. It is a paradisematic country, in which roasted parts of sentences fly into your mouth. Text should turn around and return to its own, safe country. But nothing the copy said could convince her and so it didn’t take long until.', 1, 1, 1, NULL, '2020-04-17 14:15:11', '2020-04-17 14:15:11'),
(178, 1, 7, 'BEETROOT', 1, 0, 'A small river named Duden flows by their place and supplies it with the necessary regelialia. It is a paradisematic country, in which roasted parts of sentences fly into your mouth. Text should turn around and return to its own, safe country. But nothing the copy said could convince her and so it didn’t take long until.', 1, 1, 1, NULL, '2020-04-17 14:15:52', '2020-04-17 14:15:52'),
(179, 2, 38, 'GRANNYSMITH APPLE', 1, NULL, 'A small river named Duden flows by their place and supplies it with the necessary regelialia. It is a paradisematic country, in which roasted parts of sentences fly into your mouth. Text should turn around and return to its own, safe country. But nothing the copy said could convince her and so it didn’t take long until.', 1, 1, 1, NULL, '2020-04-18 06:15:20', '2020-04-18 06:15:20'),
(180, 2, 38, 'PINKLADY APPLE', 1, NULL, 'A small river named Duden flows by their place and supplies it with the necessary regelialia. It is a paradisematic country, in which roasted parts of sentences fly into your mouth. Text should turn around and return to its own, safe country. But nothing the copy said could convince her and so it didn’t take long until.', 1, 1, 1, NULL, '2020-04-18 06:15:20', '2020-04-18 06:15:20'),
(181, 2, 38, 'ROYAL GALA APPLE', 1, NULL, 'A small river named Duden flows by their place and supplies it with the necessary regelialia. It is a paradisematic country, in which roasted parts of sentences fly into your mouth. Text should turn around and return to its own, safe country. But nothing the copy said could convince her and so it didn’t take long until.', 1, 1, 1, NULL, '2020-04-18 06:15:20', '2020-04-18 06:15:20'),
(182, 2, 38, 'BRAVO APPLE', 1, NULL, 'A small river named Duden flows by their place and supplies it with the necessary regelialia. It is a paradisematic country, in which roasted parts of sentences fly into your mouth. Text should turn around and return to its own, safe country. But nothing the copy said could convince her and so it didn’t take long until.', 1, 1, 1, NULL, '2020-04-18 06:15:20', '2020-04-18 06:15:20'),
(183, 2, 38, 'KANZI APPLES APPLE', 1, NULL, 'A small river named Duden flows by their place and supplies it with the necessary regelialia. It is a paradisematic country, in which roasted parts of sentences fly into your mouth. Text should turn around and return to its own, safe country. But nothing the copy said could convince her and so it didn’t take long until.', 1, 1, 1, NULL, '2020-04-18 06:15:20', '2020-04-18 06:15:20'),
(184, 2, 38, 'MI APPLE APPLE', 1, NULL, 'A small river named Duden flows by their place and supplies it with the necessary regelialia. It is a paradisematic country, in which roasted parts of sentences fly into your mouth. Text should turn around and return to its own, safe country. But nothing the copy said could convince her and so it didn’t take long until.', 1, 1, 1, NULL, '2020-04-18 06:15:20', '2020-04-18 06:15:20'),
(185, 2, 38, 'FUJI APPLES APPLE', 1, NULL, 'A small river named Duden flows by their place and supplies it with the necessary regelialia. It is a paradisematic country, in which roasted parts of sentences fly into your mouth. Text should turn around and return to its own, safe country. But nothing the copy said could convince her and so it didn’t take long until.', 1, 1, 1, NULL, '2020-04-18 06:15:20', '2020-04-18 06:15:20'),
(186, 2, 38, 'TOFFEE APPLE', 1, NULL, 'A small river named Duden flows by their place and supplies it with the necessary regelialia. It is a paradisematic country, in which roasted parts of sentences fly into your mouth. Text should turn around and return to its own, safe country. But nothing the copy said could convince her and so it didn’t take long until.', 1, 1, 1, NULL, '2020-04-18 06:15:20', '2020-04-18 06:15:20'),
(187, 2, 38, 'RED APPLE', 1, NULL, 'A small river named Duden flows by their place and supplies it with the necessary regelialia. It is a paradisematic country, in which roasted parts of sentences fly into your mouth. Text should turn around and return to its own, safe country. But nothing the copy said could convince her and so it didn’t take long until.', 1, 1, 1, NULL, '2020-04-18 06:15:20', '2020-04-18 06:15:20'),
(188, 2, 41, 'HASS AVOCADOES', 1, NULL, 'A small river named Duden flows by their place and supplies it with the necessary regelialia. It is a paradisematic country, in which roasted parts of sentences fly into your mouth. Text should turn around and return to its own, safe country. But nothing the copy said could convince her and so it didn’t take long until.', 1, 1, 1, NULL, '2020-04-18 06:15:20', '2020-04-18 06:15:20'),
(189, 2, 41, 'BULK AVOCADOES', 1, NULL, 'A small river named Duden flows by their place and supplies it with the necessary regelialia. It is a paradisematic country, in which roasted parts of sentences fly into your mouth. Text should turn around and return to its own, safe country. But nothing the copy said could convince her and so it didn’t take long until.', 1, 1, 1, NULL, '2020-04-18 06:15:20', '2020-04-18 06:15:20'),
(190, 2, 108, 'XL COL BEST	BANANA', 1, NULL, 'A small river named Duden flows by their place and supplies it with the necessary regelialia. It is a paradisematic country, in which roasted parts of sentences fly into your mouth. Text should turn around and return to its own, safe country. But nothing the copy said could convince her and so it didn’t take long until.', 1, 1, 1, NULL, '2020-04-18 06:15:20', '2020-04-18 06:15:20'),
(191, 2, 108, 'LADY FINGER BANANA', 1, NULL, 'A small river named Duden flows by their place and supplies it with the necessary regelialia. It is a paradisematic country, in which roasted parts of sentences fly into your mouth. Text should turn around and return to its own, safe country. But nothing the copy said could convince her and so it didn’t take long until.', 1, 1, 1, NULL, '2020-04-18 06:15:20', '2020-04-18 06:15:20'),
(192, 2, 109, 'DRINKING COCONUT', 1, NULL, 'A small river named Duden flows by their place and supplies it with the necessary regelialia. It is a paradisematic country, in which roasted parts of sentences fly into your mouth. Text should turn around and return to its own, safe country. But nothing the copy said could convince her and so it didn’t take long until.', 1, 1, 1, NULL, '2020-04-18 06:15:20', '2020-04-18 06:15:20'),
(193, 2, 109, 'COCONUT', 1, NULL, 'A small river named Duden flows by their place and supplies it with the necessary regelialia. It is a paradisematic country, in which roasted parts of sentences fly into your mouth. Text should turn around and return to its own, safe country. But nothing the copy said could convince her and so it didn’t take long until.', 1, 1, 1, NULL, '2020-04-18 06:15:20', '2020-04-18 06:15:20'),
(194, 2, 110, 'FENNEL', 1, NULL, 'A small river named Duden flows by their place and supplies it with the necessary regelialia. It is a paradisematic country, in which roasted parts of sentences fly into your mouth. Text should turn around and return to its own, safe country. But nothing the copy said could convince her and so it didn’t take long until.', 1, 1, 1, NULL, '2020-04-18 06:15:20', '2020-04-18 06:15:20'),
(195, 2, 42, 'FIG TRAY', 1, NULL, 'A small river named Duden flows by their place and supplies it with the necessary regelialia. It is a paradisematic country, in which roasted parts of sentences fly into your mouth. Text should turn around and return to its own, safe country. But nothing the copy said could convince her and so it didn’t take long until.', 1, 1, 1, NULL, '2020-04-18 06:15:20', '2020-04-18 06:15:20'),
(196, 2, 42, 'FIG', 1, NULL, 'A small river named Duden flows by their place and supplies it with the necessary regelialia. It is a paradisematic country, in which roasted parts of sentences fly into your mouth. Text should turn around and return to its own, safe country. But nothing the copy said could convince her and so it didn’t take long until.', 1, 1, 1, NULL, '2020-04-18 06:15:20', '2020-04-18 06:15:20'),
(197, 2, 43, 'RED GRAPES', 1, NULL, 'A small river named Duden flows by their place and supplies it with the necessary regelialia. It is a paradisematic country, in which roasted parts of sentences fly into your mouth. Text should turn around and return to its own, safe country. But nothing the copy said could convince her and so it didn’t take long until.', 1, 1, 1, NULL, '2020-04-18 06:15:20', '2020-04-18 06:15:20'),
(198, 2, 43, 'WHITE GRAPES', 1, NULL, 'A small river named Duden flows by their place and supplies it with the necessary regelialia. It is a paradisematic country, in which roasted parts of sentences fly into your mouth. Text should turn around and return to its own, safe country. But nothing the copy said could convince her and so it didn’t take long until.', 1, 1, 1, NULL, '2020-04-18 06:15:20', '2020-04-18 06:15:20'),
(199, 2, 44, 'YELLOW GRAPEFRUIT', 1, NULL, 'A small river named Duden flows by their place and supplies it with the necessary regelialia. It is a paradisematic country, in which roasted parts of sentences fly into your mouth. Text should turn around and return to its own, safe country. But nothing the copy said could convince her and so it didn’t take long until.', 1, 1, 1, NULL, '2020-04-18 06:15:20', '2020-04-18 06:15:20'),
(200, 2, 44, 'RUBY GRAPEFRUIT', 1, NULL, 'A small river named Duden flows by their place and supplies it with the necessary regelialia. It is a paradisematic country, in which roasted parts of sentences fly into your mouth. Text should turn around and return to its own, safe country. But nothing the copy said could convince her and so it didn’t take long until.', 1, 1, 1, NULL, '2020-04-18 06:15:20', '2020-04-18 06:15:20'),
(201, 2, 44, 'RUBY RED GRAPEFRUIT', 1, NULL, 'A small river named Duden flows by their place and supplies it with the necessary regelialia. It is a paradisematic country, in which roasted parts of sentences fly into your mouth. Text should turn around and return to its own, safe country. But nothing the copy said could convince her and so it didn’t take long until.', 1, 1, 1, NULL, '2020-04-18 06:15:20', '2020-04-18 06:15:20'),
(202, 2, 45, 'BASIL POTTED HERBS', 1, NULL, 'A small river named Duden flows by their place and supplies it with the necessary regelialia. It is a paradisematic country, in which roasted parts of sentences fly into your mouth. Text should turn around and return to its own, safe country. But nothing the copy said could convince her and so it didn’t take long until.', 1, 1, 1, NULL, '2020-04-18 06:15:20', '2020-04-18 06:15:20'),
(203, 2, 45, 'DILL POTTED HERBS', 1, NULL, 'A small river named Duden flows by their place and supplies it with the necessary regelialia. It is a paradisematic country, in which roasted parts of sentences fly into your mouth. Text should turn around and return to its own, safe country. But nothing the copy said could convince her and so it didn’t take long until.', 1, 1, 1, NULL, '2020-04-18 06:15:20', '2020-04-18 06:15:20'),
(204, 2, 45, 'CORIANDER POTTED HERBS', 1, NULL, 'A small river named Duden flows by their place and supplies it with the necessary regelialia. It is a paradisematic country, in which roasted parts of sentences fly into your mouth. Text should turn around and return to its own, safe country. But nothing the copy said could convince her and so it didn’t take long until.', 1, 1, 1, NULL, '2020-04-18 06:15:20', '2020-04-18 06:15:20'),
(205, 2, 45, 'PARSLEY POTTED HERBS', 1, NULL, 'A small river named Duden flows by their place and supplies it with the necessary regelialia. It is a paradisematic country, in which roasted parts of sentences fly into your mouth. Text should turn around and return to its own, safe country. But nothing the copy said could convince her and so it didn’t take long until.', 1, 1, 1, NULL, '2020-04-18 06:15:20', '2020-04-18 06:15:20'),
(206, 2, 45, 'CONT PARSLEY POTTED HERBS', 1, NULL, 'A small river named Duden flows by their place and supplies it with the necessary regelialia. It is a paradisematic country, in which roasted parts of sentences fly into your mouth. Text should turn around and return to its own, safe country. But nothing the copy said could convince her and so it didn’t take long until.', 1, 1, 1, NULL, '2020-04-18 06:15:20', '2020-04-18 06:15:20'),
(207, 2, 45, 'MINT POTTED HERBS', 1, NULL, 'A small river named Duden flows by their place and supplies it with the necessary regelialia. It is a paradisematic country, in which roasted parts of sentences fly into your mouth. Text should turn around and return to its own, safe country. But nothing the copy said could convince her and so it didn’t take long until.', 1, 1, 1, NULL, '2020-04-18 06:15:20', '2020-04-18 06:15:20'),
(208, 2, 46, 'KIWIFRUIT ITALIAN', 1, NULL, 'A small river named Duden flows by their place and supplies it with the necessary regelialia. It is a paradisematic country, in which roasted parts of sentences fly into your mouth. Text should turn around and return to its own, safe country. But nothing the copy said could convince her and so it didn’t take long until.', 1, 1, 1, NULL, '2020-04-18 06:15:20', '2020-04-18 06:15:20'),
(209, 2, 47, 'LIMES', 1, NULL, 'A small river named Duden flows by their place and supplies it with the necessary regelialia. It is a paradisematic country, in which roasted parts of sentences fly into your mouth. Text should turn around and return to its own, safe country. But nothing the copy said could convince her and so it didn’t take long until.', 1, 1, 1, NULL, '2020-04-18 06:15:20', '2020-04-18 06:15:20'),
(210, 2, 48, 'AUSTRALIAN LEMON', 1, NULL, 'A small river named Duden flows by their place and supplies it with the necessary regelialia. It is a paradisematic country, in which roasted parts of sentences fly into your mouth. Text should turn around and return to its own, safe country. But nothing the copy said could convince her and so it didn’t take long until.', 1, 1, 1, NULL, '2020-04-18 06:15:20', '2020-04-18 06:15:20'),
(211, 2, 48, 'LEMON', 1, NULL, 'A small river named Duden flows by their place and supplies it with the necessary regelialia. It is a paradisematic country, in which roasted parts of sentences fly into your mouth. Text should turn around and return to its own, safe country. But nothing the copy said could convince her and so it didn’t take long until.', 1, 1, 1, NULL, '2020-04-18 06:15:20', '2020-04-18 06:15:20'),
(212, 2, 49, 'MANGO KEITT', 1, NULL, 'A small river named Duden flows by their place and supplies it with the necessary regelialia. It is a paradisematic country, in which roasted parts of sentences fly into your mouth. Text should turn around and return to its own, safe country. But nothing the copy said could convince her and so it didn’t take long until.', 1, 1, 1, NULL, '2020-04-18 06:15:20', '2020-04-18 06:15:20'),
(213, 2, 49, 'MANGO', 1, NULL, 'A small river named Duden flows by their place and supplies it with the necessary regelialia. It is a paradisematic country, in which roasted parts of sentences fly into your mouth. Text should turn around and return to its own, safe country. But nothing the copy said could convince her and so it didn’t take long until.', 1, 1, 1, NULL, '2020-04-18 06:15:20', '2020-04-18 06:15:20'),
(214, 2, 50, 'MANDARINES USA', 1, NULL, 'A small river named Duden flows by their place and supplies it with the necessary regelialia. It is a paradisematic country, in which roasted parts of sentences fly into your mouth. Text should turn around and return to its own, safe country. But nothing the copy said could convince her and so it didn’t take long until.', 1, 1, 1, NULL, '2020-04-18 06:15:20', '2020-04-18 06:15:20'),
(215, 2, 51, 'YELLOW NECTARINES BEST', 1, NULL, 'A small river named Duden flows by their place and supplies it with the necessary regelialia. It is a paradisematic country, in which roasted parts of sentences fly into your mouth. Text should turn around and return to its own, safe country. But nothing the copy said could convince her and so it didn’t take long until.', 1, 1, 1, NULL, '2020-04-18 06:15:20', '2020-04-18 06:15:20'),
(216, 2, 51, 'YELLOW NECTARINES LINE', 1, NULL, 'A small river named Duden flows by their place and supplies it with the necessary regelialia. It is a paradisematic country, in which roasted parts of sentences fly into your mouth. Text should turn around and return to its own, safe country. But nothing the copy said could convince her and so it didn’t take long until.', 1, 1, 1, NULL, '2020-04-18 06:15:20', '2020-04-18 06:15:20'),
(217, 2, 51, 'WHITE NECTARINES BEST', 1, NULL, 'A small river named Duden flows by their place and supplies it with the necessary regelialia. It is a paradisematic country, in which roasted parts of sentences fly into your mouth. Text should turn around and return to its own, safe country. But nothing the copy said could convince her and so it didn’t take long until.', 1, 1, 1, NULL, '2020-04-18 06:15:20', '2020-04-18 06:15:20'),
(218, 2, 51, 'WHITE NECTARINES LINE', 1, NULL, 'A small river named Duden flows by their place and supplies it with the necessary regelialia. It is a paradisematic country, in which roasted parts of sentences fly into your mouth. Text should turn around and return to its own, safe country. But nothing the copy said could convince her and so it didn’t take long until.', 1, 1, 1, NULL, '2020-04-18 06:15:20', '2020-04-18 06:15:20'),
(219, 2, 52, 'NAVEL BEST USA ORANGE', 1, NULL, 'A small river named Duden flows by their place and supplies it with the necessary regelialia. It is a paradisematic country, in which roasted parts of sentences fly into your mouth. Text should turn around and return to its own, safe country. But nothing the copy said could convince her and so it didn’t take long until.', 1, 1, 1, NULL, '2020-04-18 06:15:20', '2020-04-18 06:15:20'),
(220, 2, 52, 'VALENCIA ORANGE', 1, NULL, 'A small river named Duden flows by their place and supplies it with the necessary regelialia. It is a paradisematic country, in which roasted parts of sentences fly into your mouth. Text should turn around and return to its own, safe country. But nothing the copy said could convince her and so it didn’t take long until.', 1, 1, 1, NULL, '2020-04-18 06:15:20', '2020-04-18 06:15:20'),
(221, 2, 53, 'BLACK PASSIONFRUIT', 1, NULL, 'A small river named Duden flows by their place and supplies it with the necessary regelialia. It is a paradisematic country, in which roasted parts of sentences fly into your mouth. Text should turn around and return to its own, safe country. But nothing the copy said could convince her and so it didn’t take long until.', 1, 1, 1, NULL, '2020-04-18 06:15:20', '2020-04-18 06:15:20'),
(222, 2, 54, 'RED PLUMS', 1, NULL, 'A small river named Duden flows by their place and supplies it with the necessary regelialia. It is a paradisematic country, in which roasted parts of sentences fly into your mouth. Text should turn around and return to its own, safe country. But nothing the copy said could convince her and so it didn’t take long until.', 1, 1, 1, NULL, '2020-04-18 06:15:20', '2020-04-18 06:15:20'),
(223, 2, 54, 'PLUMS', 1, NULL, 'A small river named Duden flows by their place and supplies it with the necessary regelialia. It is a paradisematic country, in which roasted parts of sentences fly into your mouth. Text should turn around and return to its own, safe country. But nothing the copy said could convince her and so it didn’t take long until.', 1, 1, 1, NULL, '2020-04-18 06:15:20', '2020-04-18 06:15:20'),
(224, 2, 55, 'RED PAWPAW', 1, NULL, 'A small river named Duden flows by their place and supplies it with the necessary regelialia. It is a paradisematic country, in which roasted parts of sentences fly into your mouth. Text should turn around and return to its own, safe country. But nothing the copy said could convince her and so it didn’t take long until.', 1, 1, 1, NULL, '2020-04-18 06:15:20', '2020-04-18 06:15:20'),
(225, 2, 56, 'TRAY YELLOW PEACH', 1, NULL, 'A small river named Duden flows by their place and supplies it with the necessary regelialia. It is a paradisematic country, in which roasted parts of sentences fly into your mouth. Text should turn around and return to its own, safe country. But nothing the copy said could convince her and so it didn’t take long until.', 1, 1, 1, NULL, '2020-04-18 06:15:20', '2020-04-18 06:15:20'),
(226, 2, 56, 'TRAY WHITE PEACH', 1, NULL, 'A small river named Duden flows by their place and supplies it with the necessary regelialia. It is a paradisematic country, in which roasted parts of sentences fly into your mouth. Text should turn around and return to its own, safe country. But nothing the copy said could convince her and so it didn’t take long until.', 1, 1, 1, NULL, '2020-04-18 06:15:20', '2020-04-18 06:15:20'),
(227, 2, 56, 'BULK YELLOW PEACH', 1, NULL, 'A small river named Duden flows by their place and supplies it with the necessary regelialia. It is a paradisematic country, in which roasted parts of sentences fly into your mouth. Text should turn around and return to its own, safe country. But nothing the copy said could convince her and so it didn’t take long until.', 1, 1, 1, NULL, '2020-04-18 06:15:20', '2020-04-18 06:15:20'),
(228, 2, 56, 'BULK WHITE PEACH', 1, NULL, 'A small river named Duden flows by their place and supplies it with the necessary regelialia. It is a paradisematic country, in which roasted parts of sentences fly into your mouth. Text should turn around and return to its own, safe country. But nothing the copy said could convince her and so it didn’t take long until.', 1, 1, 1, NULL, '2020-04-18 06:15:20', '2020-04-18 06:15:20'),
(229, 2, 57, 'TOPLESS PINEAPPLES', 1, NULL, 'A small river named Duden flows by their place and supplies it with the necessary regelialia. It is a paradisematic country, in which roasted parts of sentences fly into your mouth. Text should turn around and return to its own, safe country. But nothing the copy said could convince her and so it didn’t take long until.', 1, 1, 1, NULL, '2020-04-18 06:15:20', '2020-04-18 06:15:20'),
(230, 2, 57, 'WITH TOPS PINEAPPLE', 1, NULL, 'A small river named Duden flows by their place and supplies it with the necessary regelialia. It is a paradisematic country, in which roasted parts of sentences fly into your mouth. Text should turn around and return to its own, safe country. But nothing the copy said could convince her and so it didn’t take long until.', 1, 1, 1, NULL, '2020-04-18 06:15:20', '2020-04-18 06:15:20'),
(231, 2, 58, 'DUTCHESS PEAR', 1, NULL, 'A small river named Duden flows by their place and supplies it with the necessary regelialia. It is a paradisematic country, in which roasted parts of sentences fly into your mouth. Text should turn around and return to its own, safe country. But nothing the copy said could convince her and so it didn’t take long until.', 1, 1, 1, NULL, '2020-04-18 06:15:20', '2020-04-18 06:15:20'),
(232, 2, 58, 'RED PEAR', 1, NULL, 'A small river named Duden flows by their place and supplies it with the necessary regelialia. It is a paradisematic country, in which roasted parts of sentences fly into your mouth. Text should turn around and return to its own, safe country. But nothing the copy said could convince her and so it didn’t take long until.', 1, 1, 1, NULL, '2020-04-18 06:15:20', '2020-04-18 06:15:20'),
(233, 2, 58, 'BROWN PEAR', 1, NULL, 'A small river named Duden flows by their place and supplies it with the necessary regelialia. It is a paradisematic country, in which roasted parts of sentences fly into your mouth. Text should turn around and return to its own, safe country. But nothing the copy said could convince her and so it didn’t take long until.', 1, 1, 1, NULL, '2020-04-18 06:15:20', '2020-04-18 06:15:20');
INSERT INTO `products` (`id`, `category_id`, `sub_category_id`, `product_name`, `main_unit_id`, `image_id`, `description`, `status`, `is_active`, `created_by`, `updated_by`, `created_at`, `updated_at`) VALUES
(234, 2, 58, 'CORELLA PEAR', 1, NULL, 'A small river named Duden flows by their place and supplies it with the necessary regelialia. It is a paradisematic country, in which roasted parts of sentences fly into your mouth. Text should turn around and return to its own, safe country. But nothing the copy said could convince her and so it didn’t take long until.', 1, 1, 1, NULL, '2020-04-18 06:15:20', '2020-04-18 06:15:20'),
(235, 2, 111, 'SA STRAWBERRIES', 1, NULL, 'A small river named Duden flows by their place and supplies it with the necessary regelialia. It is a paradisematic country, in which roasted parts of sentences fly into your mouth. Text should turn around and return to its own, safe country. But nothing the copy said could convince her and so it didn’t take long until.', 1, 1, 1, NULL, '2020-04-18 06:15:20', '2020-04-18 06:15:20'),
(236, 2, 111, 'BLUEBERRIES', 1, NULL, 'A small river named Duden flows by their place and supplies it with the necessary regelialia. It is a paradisematic country, in which roasted parts of sentences fly into your mouth. Text should turn around and return to its own, safe country. But nothing the copy said could convince her and so it didn’t take long until.', 1, 1, 1, NULL, '2020-04-18 06:15:20', '2020-04-18 06:15:20'),
(237, 2, 111, 'RASPBERRIES', 1, NULL, 'A small river named Duden flows by their place and supplies it with the necessary regelialia. It is a paradisematic country, in which roasted parts of sentences fly into your mouth. Text should turn around and return to its own, safe country. But nothing the copy said could convince her and so it didn’t take long until.', 1, 1, 1, NULL, '2020-04-18 06:15:20', '2020-04-18 06:15:20'),
(238, 2, 111, 'BLACKBERRIES', 1, NULL, 'A small river named Duden flows by their place and supplies it with the necessary regelialia. It is a paradisematic country, in which roasted parts of sentences fly into your mouth. Text should turn around and return to its own, safe country. But nothing the copy said could convince her and so it didn’t take long until.', 1, 1, 1, NULL, '2020-04-18 06:15:20', '2020-04-18 06:15:20'),
(239, 2, 111, 'KIWI BERRIES', 1, NULL, 'A small river named Duden flows by their place and supplies it with the necessary regelialia. It is a paradisematic country, in which roasted parts of sentences fly into your mouth. Text should turn around and return to its own, safe country. But nothing the copy said could convince her and so it didn’t take long until.', 1, 1, 1, NULL, '2020-04-18 06:15:20', '2020-04-18 06:15:20'),
(240, 2, 59, 'HONEYDEW MELON', 1, NULL, 'A small river named Duden flows by their place and supplies it with the necessary regelialia. It is a paradisematic country, in which roasted parts of sentences fly into your mouth. Text should turn around and return to its own, safe country. But nothing the copy said could convince her and so it didn’t take long until.', 1, 1, 1, NULL, '2020-04-18 06:15:20', '2020-04-18 06:15:20'),
(241, 2, 112, 'ROCKMELON', 1, NULL, 'A small river named Duden flows by their place and supplies it with the necessary regelialia. It is a paradisematic country, in which roasted parts of sentences fly into your mouth. Text should turn around and return to its own, safe country. But nothing the copy said could convince her and so it didn’t take long until.', 1, 1, 1, NULL, '2020-04-18 06:15:20', '2020-04-18 06:15:20'),
(242, 2, 60, 'WATERMELON SEEDLESS', 1, NULL, 'A small river named Duden flows by their place and supplies it with the necessary regelialia. It is a paradisematic country, in which roasted parts of sentences fly into your mouth. Text should turn around and return to its own, safe country. But nothing the copy said could convince her and so it didn’t take long until.', 1, 1, 1, NULL, '2020-04-18 06:15:20', '2020-04-18 06:15:20'),
(243, 2, 60, 'WATERMELON', 1, NULL, 'A small river named Duden flows by their place and supplies it with the necessary regelialia. It is a paradisematic country, in which roasted parts of sentences fly into your mouth. Text should turn around and return to its own, safe country. But nothing the copy said could convince her and so it didn’t take long until.', 1, 1, 1, NULL, '2020-04-18 06:15:20', '2020-04-18 06:15:20'),
(244, 2, 61, 'CHEEKIE PUMPKIN', 1, NULL, 'A small river named Duden flows by their place and supplies it with the necessary regelialia. It is a paradisematic country, in which roasted parts of sentences fly into your mouth. Text should turn around and return to its own, safe country. But nothing the copy said could convince her and so it didn’t take long until.', 1, 1, 1, NULL, '2020-04-18 06:15:20', '2020-04-18 06:15:20'),
(245, 2, 61, 'SWEET HARVEST', 1, NULL, 'A small river named Duden flows by their place and supplies it with the necessary regelialia. It is a paradisematic country, in which roasted parts of sentences fly into your mouth. Text should turn around and return to its own, safe country. But nothing the copy said could convince her and so it didn’t take long until.', 1, 1, 1, NULL, '2020-04-18 06:15:20', '2020-04-18 06:15:20'),
(246, 2, 61, 'VEGAN BUDDAH BOWL', 1, NULL, 'A small river named Duden flows by their place and supplies it with the necessary regelialia. It is a paradisematic country, in which roasted parts of sentences fly into your mouth. Text should turn around and return to its own, safe country. But nothing the copy said could convince her and so it didn’t take long until.', 1, 1, 1, NULL, '2020-04-18 06:15:20', '2020-04-18 06:15:20'),
(247, 2, 61, 'EAT YOUR GREENS', 1, NULL, 'A small river named Duden flows by their place and supplies it with the necessary regelialia. It is a paradisematic country, in which roasted parts of sentences fly into your mouth. Text should turn around and return to its own, safe country. But nothing the copy said could convince her and so it didn’t take long until.', 1, 1, 1, NULL, '2020-04-18 06:15:20', '2020-04-18 06:15:20'),
(248, 2, 62, 'SWEET SURPRISE', 1, NULL, 'A small river named Duden flows by their place and supplies it with the necessary regelialia. It is a paradisematic country, in which roasted parts of sentences fly into your mouth. Text should turn around and return to its own, safe country. But nothing the copy said could convince her and so it didn’t take long until.', 1, 1, 1, NULL, '2020-04-18 06:15:20', '2020-04-18 06:15:20'),
(249, 2, 62, 'FRESH N FRUTTI', 1, NULL, 'A small river named Duden flows by their place and supplies it with the necessary regelialia. It is a paradisematic country, in which roasted parts of sentences fly into your mouth. Text should turn around and return to its own, safe country. But nothing the copy said could convince her and so it didn’t take long until.', 1, 1, 1, NULL, '2020-04-18 06:15:20', '2020-04-18 06:15:20'),
(250, 2, 62, 'ALOHA PINEAPPLE', 1, NULL, 'A small river named Duden flows by their place and supplies it with the necessary regelialia. It is a paradisematic country, in which roasted parts of sentences fly into your mouth. Text should turn around and return to its own, safe country. But nothing the copy said could convince her and so it didn’t take long until.', 1, 1, 1, NULL, '2020-04-18 06:15:20', '2020-04-18 06:15:20'),
(251, 2, 62, 'WATERMELON CRUSH', 1, NULL, 'A small river named Duden flows by their place and supplies it with the necessary regelialia. It is a paradisematic country, in which roasted parts of sentences fly into your mouth. Text should turn around and return to its own, safe country. But nothing the copy said could convince her and so it didn’t take long until.', 1, 1, 1, NULL, '2020-04-18 06:15:20', '2020-04-18 06:15:20'),
(252, 2, 62, 'PINEAPPLE RINGS', 1, NULL, 'A small river named Duden flows by their place and supplies it with the necessary regelialia. It is a paradisematic country, in which roasted parts of sentences fly into your mouth. Text should turn around and return to its own, safe country. But nothing the copy said could convince her and so it didn’t take long until.', 1, 1, 1, NULL, '2020-04-18 06:15:20', '2020-04-18 06:15:20'),
(253, 2, 62, 'ROCKON MELON', 1, NULL, 'A small river named Duden flows by their place and supplies it with the necessary regelialia. It is a paradisematic country, in which roasted parts of sentences fly into your mouth. Text should turn around and return to its own, safe country. But nothing the copy said could convince her and so it didn’t take long until.', 1, 1, 1, NULL, '2020-04-18 06:15:20', '2020-04-18 06:15:20'),
(254, 2, 62, 'WATERMELON CRUSH', 1, NULL, 'A small river named Duden flows by their place and supplies it with the necessary regelialia. It is a paradisematic country, in which roasted parts of sentences fly into your mouth. Text should turn around and return to its own, safe country. But nothing the copy said could convince her and so it didn’t take long until.', 1, 1, 1, NULL, '2020-04-18 06:15:20', '2020-04-18 06:15:20'),
(255, 2, 62, 'PINEAPPLE RINGS', 1, NULL, 'A small river named Duden flows by their place and supplies it with the necessary regelialia. It is a paradisematic country, in which roasted parts of sentences fly into your mouth. Text should turn around and return to its own, safe country. But nothing the copy said could convince her and so it didn’t take long until.', 1, 1, 1, NULL, '2020-04-18 06:15:20', '2020-04-18 06:15:20'),
(256, 2, 62, 'ROCK ON MELON', 1, NULL, 'A small river named Duden flows by their place and supplies it with the necessary regelialia. It is a paradisematic country, in which roasted parts of sentences fly into your mouth. Text should turn around and return to its own, safe country. But nothing the copy said could convince her and so it didn’t take long until.', 1, 1, 1, NULL, '2020-04-18 06:15:20', '2020-04-18 06:15:20'),
(257, 2, 105, 'INSALATA DI ZUCCA', 1, NULL, 'A small river named Duden flows by their place and supplies it with the necessary regelialia. It is a paradisematic country, in which roasted parts of sentences fly into your mouth. Text should turn around and return to its own, safe country. But nothing the copy said could convince her and so it didn’t take long until.', 1, 1, 1, NULL, '2020-04-18 06:15:20', '2020-04-18 06:15:20'),
(258, 2, 105, 'HEALTHY HABITS', 1, NULL, 'A small river named Duden flows by their place and supplies it with the necessary regelialia. It is a paradisematic country, in which roasted parts of sentences fly into your mouth. Text should turn around and return to its own, safe country. But nothing the copy said could convince her and so it didn’t take long until.', 1, 1, 1, NULL, '2020-04-18 06:15:20', '2020-04-18 06:15:20'),
(259, 2, 105, 'CAULI FIESTA', 1, NULL, 'A small river named Duden flows by their place and supplies it with the necessary regelialia. It is a paradisematic country, in which roasted parts of sentences fly into your mouth. Text should turn around and return to its own, safe country. But nothing the copy said could convince her and so it didn’t take long until.', 1, 1, 1, NULL, '2020-04-18 06:15:20', '2020-04-18 06:15:20'),
(260, 2, 105, 'SOUTHWESTERN COBB', 1, NULL, 'A small river named Duden flows by their place and supplies it with the necessary regelialia. It is a paradisematic country, in which roasted parts of sentences fly into your mouth. Text should turn around and return to its own, safe country. But nothing the copy said could convince her and so it didn’t take long until.', 1, 1, 1, NULL, '2020-04-18 06:15:20', '2020-04-18 06:15:20'),
(261, 2, 105, 'VEGAN BUDDAH BWL', 1, NULL, 'A small river named Duden flows by their place and supplies it with the necessary regelialia. It is a paradisematic country, in which roasted parts of sentences fly into your mouth. Text should turn around and return to its own, safe country. But nothing the copy said could convince her and so it didn’t take long until.', 1, 1, 1, NULL, '2020-04-18 06:15:20', '2020-04-18 06:15:20'),
(262, 2, 105, 'EAT YOUR GREENS', 1, NULL, 'A small river named Duden flows by their place and supplies it with the necessary regelialia. It is a paradisematic country, in which roasted parts of sentences fly into your mouth. Text should turn around and return to its own, safe country. But nothing the copy said could convince her and so it didn’t take long until.', 1, 1, 1, NULL, '2020-04-18 06:15:20', '2020-04-18 06:15:20'),
(263, 2, 63, 'JULIUS CAESAR', 1, NULL, 'A small river named Duden flows by their place and supplies it with the necessary regelialia. It is a paradisematic country, in which roasted parts of sentences fly into your mouth. Text should turn around and return to its own, safe country. But nothing the copy said could convince her and so it didn’t take long until.', 1, 1, 1, NULL, '2020-04-18 06:15:20', '2020-04-18 06:15:20'),
(264, 2, 63, 'CHICKEN CAESAR', 1, NULL, 'A small river named Duden flows by their place and supplies it with the necessary regelialia. It is a paradisematic country, in which roasted parts of sentences fly into your mouth. Text should turn around and return to its own, safe country. But nothing the copy said could convince her and so it didn’t take long until.', 1, 1, 1, NULL, '2020-04-18 06:15:20', '2020-04-18 06:15:20'),
(265, 2, 63, 'TURKEY CLUB', 1, NULL, 'A small river named Duden flows by their place and supplies it with the necessary regelialia. It is a paradisematic country, in which roasted parts of sentences fly into your mouth. Text should turn around and return to its own, safe country. But nothing the copy said could convince her and so it didn’t take long until.', 1, 1, 1, NULL, '2020-04-18 06:15:20', '2020-04-18 06:15:20'),
(266, 2, 63, 'JAMAICAN JERK', 1, NULL, 'A small river named Duden flows by their place and supplies it with the necessary regelialia. It is a paradisematic country, in which roasted parts of sentences fly into your mouth. Text should turn around and return to its own, safe country. But nothing the copy said could convince her and so it didn’t take long until.', 1, 1, 1, NULL, '2020-04-18 06:15:20', '2020-04-18 06:15:20'),
(267, 2, 64, 'PERFECT SNACK', 1, NULL, 'A small river named Duden flows by their place and supplies it with the necessary regelialia. It is a paradisematic country, in which roasted parts of sentences fly into your mouth. Text should turn around and return to its own, safe country. But nothing the copy said could convince her and so it didn’t take long until.', 1, 1, 1, NULL, '2020-04-18 06:15:20', '2020-04-18 06:15:20'),
(268, 2, 64, 'MORNING ENERGISER', 1, NULL, 'A small river named Duden flows by their place and supplies it with the necessary regelialia. It is a paradisematic country, in which roasted parts of sentences fly into your mouth. Text should turn around and return to its own, safe country. But nothing the copy said could convince her and so it didn’t take long until.', 1, 1, 1, NULL, '2020-04-18 06:15:20', '2020-04-18 06:15:20'),
(269, 2, 64, 'ZUCCHINI SPAGHETTI', 1, NULL, 'A small river named Duden flows by their place and supplies it with the necessary regelialia. It is a paradisematic country, in which roasted parts of sentences fly into your mouth. Text should turn around and return to its own, safe country. But nothing the copy said could convince her and so it didn’t take long until.', 1, 1, 1, NULL, '2020-04-18 06:15:20', '2020-04-18 06:15:20'),
(270, 2, 65, 'BASIL HERBS - FARMERS CHOICE', 1, NULL, 'A small river named Duden flows by their place and supplies it with the necessary regelialia. It is a paradisematic country, in which roasted parts of sentences fly into your mouth. Text should turn around and return to its own, safe country. But nothing the copy said could convince her and so it didn’t take long until.', 1, 1, 1, NULL, '2020-04-18 06:15:20', '2020-04-18 06:15:20'),
(271, 2, 65, 'CHIVES HERBS - FARMERS CHOICE', 1, NULL, 'A small river named Duden flows by their place and supplies it with the necessary regelialia. It is a paradisematic country, in which roasted parts of sentences fly into your mouth. Text should turn around and return to its own, safe country. But nothing the copy said could convince her and so it didn’t take long until.', 1, 1, 1, NULL, '2020-04-18 06:15:20', '2020-04-18 06:15:20'),
(272, 2, 65, 'CORIANDER HERBS - FARMERS CHOICE', 1, NULL, 'A small river named Duden flows by their place and supplies it with the necessary regelialia. It is a paradisematic country, in which roasted parts of sentences fly into your mouth. Text should turn around and return to its own, safe country. But nothing the copy said could convince her and so it didn’t take long until.', 1, 1, 1, NULL, '2020-04-18 06:15:20', '2020-04-18 06:15:20'),
(273, 2, 65, 'DILL HERBS - FARMERS CHOICE', 1, NULL, 'A small river named Duden flows by their place and supplies it with the necessary regelialia. It is a paradisematic country, in which roasted parts of sentences fly into your mouth. Text should turn around and return to its own, safe country. But nothing the copy said could convince her and so it didn’t take long until.', 1, 1, 1, NULL, '2020-04-18 06:15:20', '2020-04-18 06:15:20'),
(274, 2, 65, 'LEMONGRASS HERBS - FARMERS CHOICE', 1, NULL, 'A small river named Duden flows by their place and supplies it with the necessary regelialia. It is a paradisematic country, in which roasted parts of sentences fly into your mouth. Text should turn around and return to its own, safe country. But nothing the copy said could convince her and so it didn’t take long until.', 1, 1, 1, NULL, '2020-04-18 06:15:20', '2020-04-18 06:15:20'),
(275, 2, 65, 'MINT HERBS - FARMERS CHOICE', 1, NULL, 'A small river named Duden flows by their place and supplies it with the necessary regelialia. It is a paradisematic country, in which roasted parts of sentences fly into your mouth. Text should turn around and return to its own, safe country. But nothing the copy said could convince her and so it didn’t take long until.', 1, 1, 1, NULL, '2020-04-18 06:15:20', '2020-04-18 06:15:20'),
(276, 2, 65, 'OREGANO HERBS - FARMERS CHOICE', 1, NULL, 'A small river named Duden flows by their place and supplies it with the necessary regelialia. It is a paradisematic country, in which roasted parts of sentences fly into your mouth. Text should turn around and return to its own, safe country. But nothing the copy said could convince her and so it didn’t take long until.', 1, 1, 1, NULL, '2020-04-18 06:15:20', '2020-04-18 06:15:20'),
(277, 2, 65, 'ROSEMARY HERBS - FARMERS CHOICE', 1, NULL, 'A small river named Duden flows by their place and supplies it with the necessary regelialia. It is a paradisematic country, in which roasted parts of sentences fly into your mouth. Text should turn around and return to its own, safe country. But nothing the copy said could convince her and so it didn’t take long until.', 1, 1, 1, NULL, '2020-04-18 06:15:20', '2020-04-18 06:15:20'),
(278, 2, 65, 'SAGE HERBS - FARMERS CHOICE', 1, NULL, 'A small river named Duden flows by their place and supplies it with the necessary regelialia. It is a paradisematic country, in which roasted parts of sentences fly into your mouth. Text should turn around and return to its own, safe country. But nothing the copy said could convince her and so it didn’t take long until.', 1, 1, 1, NULL, '2020-04-18 06:15:20', '2020-04-18 06:15:20'),
(279, 2, 65, 'TARRAGON HERBS - FARMERS CHOICE', 1, NULL, 'A small river named Duden flows by their place and supplies it with the necessary regelialia. It is a paradisematic country, in which roasted parts of sentences fly into your mouth. Text should turn around and return to its own, safe country. But nothing the copy said could convince her and so it didn’t take long until.', 1, 1, 1, NULL, '2020-04-18 06:15:20', '2020-04-18 06:15:20'),
(280, 2, 65, 'THYME HERBS - FARMERS CHOICE', 1, NULL, 'A small river named Duden flows by their place and supplies it with the necessary regelialia. It is a paradisematic country, in which roasted parts of sentences fly into your mouth. Text should turn around and return to its own, safe country. But nothing the copy said could convince her and so it didn’t take long until.', 1, 1, 1, NULL, '2020-04-18 06:15:20', '2020-04-18 06:15:20'),
(281, 2, 65, 'BOK CHOY HERBS - FARMERS CHOICE', 1, NULL, 'A small river named Duden flows by their place and supplies it with the necessary regelialia. It is a paradisematic country, in which roasted parts of sentences fly into your mouth. Text should turn around and return to its own, safe country. But nothing the copy said could convince her and so it didn’t take long until.', 1, 1, 1, NULL, '2020-04-18 06:15:20', '2020-04-18 06:15:20'),
(282, 2, 66, 'BASIL HERBS MATJARRA', 1, NULL, 'A small river named Duden flows by their place and supplies it with the necessary regelialia. It is a paradisematic country, in which roasted parts of sentences fly into your mouth. Text should turn around and return to its own, safe country. But nothing the copy said could convince her and so it didn’t take long until.', 1, 1, 1, NULL, '2020-04-18 06:15:20', '2020-04-18 06:15:20'),
(283, 2, 66, 'CHIVES HERBS MATJARRA', 1, NULL, 'A small river named Duden flows by their place and supplies it with the necessary regelialia. It is a paradisematic country, in which roasted parts of sentences fly into your mouth. Text should turn around and return to its own, safe country. But nothing the copy said could convince her and so it didn’t take long until.', 1, 1, 1, NULL, '2020-04-18 06:15:20', '2020-04-18 06:15:20'),
(284, 2, 66, 'CORIANDER HERBS MATJARRA', 1, NULL, 'A small river named Duden flows by their place and supplies it with the necessary regelialia. It is a paradisematic country, in which roasted parts of sentences fly into your mouth. Text should turn around and return to its own, safe country. But nothing the copy said could convince her and so it didn’t take long until.', 1, 1, 1, NULL, '2020-04-18 06:15:20', '2020-04-18 06:15:20'),
(285, 2, 66, 'DILL HERBS MATJARRA', 1, NULL, 'A small river named Duden flows by their place and supplies it with the necessary regelialia. It is a paradisematic country, in which roasted parts of sentences fly into your mouth. Text should turn around and return to its own, safe country. But nothing the copy said could convince her and so it didn’t take long until.', 1, 1, 1, NULL, '2020-04-18 06:15:20', '2020-04-18 06:15:20'),
(286, 2, 66, 'CURRY LEAF HERBS MATJARRA', 1, NULL, 'A small river named Duden flows by their place and supplies it with the necessary regelialia. It is a paradisematic country, in which roasted parts of sentences fly into your mouth. Text should turn around and return to its own, safe country. But nothing the copy said could convince her and so it didn’t take long until.', 1, 1, 1, NULL, '2020-04-18 06:15:20', '2020-04-18 06:15:20'),
(287, 2, 66, 'LEMONGRASS HERBS MATJARRA', 1, NULL, 'A small river named Duden flows by their place and supplies it with the necessary regelialia. It is a paradisematic country, in which roasted parts of sentences fly into your mouth. Text should turn around and return to its own, safe country. But nothing the copy said could convince her and so it didn’t take long until.', 1, 1, 1, NULL, '2020-04-18 06:15:20', '2020-04-18 06:15:20'),
(288, 2, 66, 'LEMON THYME HERBS MATJARRA', 1, NULL, 'A small river named Duden flows by their place and supplies it with the necessary regelialia. It is a paradisematic country, in which roasted parts of sentences fly into your mouth. Text should turn around and return to its own, safe country. But nothing the copy said could convince her and so it didn’t take long until.', 1, 1, 1, NULL, '2020-04-18 06:15:20', '2020-04-18 06:15:20'),
(289, 2, 66, 'LIME LEAF HERBS MATJARRA', 1, NULL, 'A small river named Duden flows by their place and supplies it with the necessary regelialia. It is a paradisematic country, in which roasted parts of sentences fly into your mouth. Text should turn around and return to its own, safe country. But nothing the copy said could convince her and so it didn’t take long until.', 1, 1, 1, NULL, '2020-04-18 06:15:20', '2020-04-18 06:15:20'),
(290, 2, 66, 'MINT HERBS MATJARRA', 1, NULL, 'A small river named Duden flows by their place and supplies it with the necessary regelialia. It is a paradisematic country, in which roasted parts of sentences fly into your mouth. Text should turn around and return to its own, safe country. But nothing the copy said could convince her and so it didn’t take long until.', 1, 1, 1, NULL, '2020-04-18 06:15:20', '2020-04-18 06:15:20'),
(291, 2, 66, 'OREGANO HERBS MATJARRA', 1, NULL, 'A small river named Duden flows by their place and supplies it with the necessary regelialia. It is a paradisematic country, in which roasted parts of sentences fly into your mouth. Text should turn around and return to its own, safe country. But nothing the copy said could convince her and so it didn’t take long until.', 1, 1, 1, NULL, '2020-04-18 06:15:20', '2020-04-18 06:15:20'),
(292, 2, 66, 'ROSEMARY HERBS MATJARRA', 1, NULL, 'A small river named Duden flows by their place and supplies it with the necessary regelialia. It is a paradisematic country, in which roasted parts of sentences fly into your mouth. Text should turn around and return to its own, safe country. But nothing the copy said could convince her and so it didn’t take long until.', 1, 1, 1, NULL, '2020-04-18 06:15:20', '2020-04-18 06:15:20'),
(293, 2, 66, 'SAGE HERBS MATJARRA', 1, NULL, 'A small river named Duden flows by their place and supplies it with the necessary regelialia. It is a paradisematic country, in which roasted parts of sentences fly into your mouth. Text should turn around and return to its own, safe country. But nothing the copy said could convince her and so it didn’t take long until.', 1, 1, 1, NULL, '2020-04-18 06:15:20', '2020-04-18 06:15:20'),
(294, 2, 66, 'THYME HERBS MATJARRA', 1, NULL, 'A small river named Duden flows by their place and supplies it with the necessary regelialia. It is a paradisematic country, in which roasted parts of sentences fly into your mouth. Text should turn around and return to its own, safe country. But nothing the copy said could convince her and so it didn’t take long until.', 1, 1, 1, NULL, '2020-04-18 06:15:20', '2020-04-18 06:15:20'),
(295, 2, 66, 'BAY LEAF HERBS MATJARRA', 1, NULL, 'A small river named Duden flows by their place and supplies it with the necessary regelialia. It is a paradisematic country, in which roasted parts of sentences fly into your mouth. Text should turn around and return to its own, safe country. But nothing the copy said could convince her and so it didn’t take long until.', 1, 1, 1, NULL, '2020-04-18 06:15:20', '2020-04-18 06:15:20'),
(296, 2, 66, 'WATERCRESS HERBS MATJARRA', 1, NULL, 'A small river named Duden flows by their place and supplies it with the necessary regelialia. It is a paradisematic country, in which roasted parts of sentences fly into your mouth. Text should turn around and return to its own, safe country. But nothing the copy said could convince her and so it didn’t take long until.', 1, 1, 1, NULL, '2020-04-18 06:15:20', '2020-04-18 06:15:20'),
(297, 2, 106, 'BOX ASPARAGUS', 1, NULL, 'A small river named Duden flows by their place and supplies it with the necessary regelialia. It is a paradisematic country, in which roasted parts of sentences fly into your mouth. Text should turn around and return to its own, safe country. But nothing the copy said could convince her and so it didn’t take long until.', 1, 1, 1, NULL, '2020-04-18 06:15:20', '2020-04-18 06:15:20'),
(298, 2, 106, 'ASPARAGUS BUNCH ', 1, NULL, 'A small river named Duden flows by their place and supplies it with the necessary regelialia. It is a paradisematic country, in which roasted parts of sentences fly into your mouth. Text should turn around and return to its own, safe country. But nothing the copy said could convince her and so it didn’t take long until.', 1, 1, 1, NULL, '2020-04-18 06:15:20', '2020-04-18 06:15:20'),
(299, 2, 106, 'BEETROOT BUNCH', 1, NULL, 'A small river named Duden flows by their place and supplies it with the necessary regelialia. It is a paradisematic country, in which roasted parts of sentences fly into your mouth. Text should turn around and return to its own, safe country. But nothing the copy said could convince her and so it didn’t take long until.', 1, 1, 1, NULL, '2020-04-18 06:15:20', '2020-04-18 06:15:20'),
(300, 2, 106, 'CARROTS NORMAL BUNCH', 1, NULL, 'A small river named Duden flows by their place and supplies it with the necessary regelialia. It is a paradisematic country, in which roasted parts of sentences fly into your mouth. Text should turn around and return to its own, safe country. But nothing the copy said could convince her and so it didn’t take long until.', 1, 1, 1, NULL, '2020-04-18 06:15:20', '2020-04-18 06:15:20'),
(301, 2, 106, 'CARROTS DUTCH (BABY) BUNCH', 1, NULL, 'A small river named Duden flows by their place and supplies it with the necessary regelialia. It is a paradisematic country, in which roasted parts of sentences fly into your mouth. Text should turn around and return to its own, safe country. But nothing the copy said could convince her and so it didn’t take long until.', 1, 1, 1, NULL, '2020-04-18 06:15:20', '2020-04-18 06:15:20'),
(302, 2, 106, 'CARROTS MULTI COLOUR BUNCH', 1, NULL, 'A small river named Duden flows by their place and supplies it with the necessary regelialia. It is a paradisematic country, in which roasted parts of sentences fly into your mouth. Text should turn around and return to its own, safe country. But nothing the copy said could convince her and so it didn’t take long until.', 1, 1, 1, NULL, '2020-04-18 06:15:20', '2020-04-18 06:15:20'),
(303, 2, 106, 'CARROTS PURPLE BUNCH', 1, NULL, 'A small river named Duden flows by their place and supplies it with the necessary regelialia. It is a paradisematic country, in which roasted parts of sentences fly into your mouth. Text should turn around and return to its own, safe country. But nothing the copy said could convince her and so it didn’t take long until.', 1, 1, 1, NULL, '2020-04-18 06:15:20', '2020-04-18 06:15:20'),
(304, 2, 106, 'CHICORY BUNCH', 1, NULL, 'A small river named Duden flows by their place and supplies it with the necessary regelialia. It is a paradisematic country, in which roasted parts of sentences fly into your mouth. Text should turn around and return to its own, safe country. But nothing the copy said could convince her and so it didn’t take long until.', 1, 1, 1, NULL, '2020-04-18 06:15:20', '2020-04-18 06:15:20'),
(305, 2, 106, 'ENDIVES BUNCH', 1, NULL, 'A small river named Duden flows by their place and supplies it with the necessary regelialia. It is a paradisematic country, in which roasted parts of sentences fly into your mouth. Text should turn around and return to its own, safe country. But nothing the copy said could convince her and so it didn’t take long until.', 1, 1, 1, NULL, '2020-04-18 06:15:20', '2020-04-18 06:15:20'),
(306, 2, 106, 'PARSLEY BUNCH', 1, NULL, 'A small river named Duden flows by their place and supplies it with the necessary regelialia. It is a paradisematic country, in which roasted parts of sentences fly into your mouth. Text should turn around and return to its own, safe country. But nothing the copy said could convince her and so it didn’t take long until.', 1, 1, 1, NULL, '2020-04-18 06:15:20', '2020-04-18 06:15:20'),
(307, 2, 106, 'RADISH BUNCH', 1, NULL, 'A small river named Duden flows by their place and supplies it with the necessary regelialia. It is a paradisematic country, in which roasted parts of sentences fly into your mouth. Text should turn around and return to its own, safe country. But nothing the copy said could convince her and so it didn’t take long until.', 1, 1, 1, NULL, '2020-04-18 06:15:20', '2020-04-18 06:15:20'),
(308, 2, 106, 'SPRING ONION BUNCH', 1, NULL, 'A small river named Duden flows by their place and supplies it with the necessary regelialia. It is a paradisematic country, in which roasted parts of sentences fly into your mouth. Text should turn around and return to its own, safe country. But nothing the copy said could convince her and so it didn’t take long until.', 1, 1, 1, NULL, '2020-04-18 06:15:20', '2020-04-18 06:15:20'),
(309, 2, 106, 'CONT PARSLEY BUNCH', 1, NULL, 'A small river named Duden flows by their place and supplies it with the necessary regelialia. It is a paradisematic country, in which roasted parts of sentences fly into your mouth. Text should turn around and return to its own, safe country. But nothing the copy said could convince her and so it didn’t take long until.', 1, 1, 1, NULL, '2020-04-18 06:15:20', '2020-04-18 06:15:20'),
(310, 2, 106, 'GREEN KALE BUNCH', 1, NULL, 'A small river named Duden flows by their place and supplies it with the necessary regelialia. It is a paradisematic country, in which roasted parts of sentences fly into your mouth. Text should turn around and return to its own, safe country. But nothing the copy said could convince her and so it didn’t take long until.', 1, 1, 1, NULL, '2020-04-18 06:15:20', '2020-04-18 06:15:20'),
(311, 2, 106, 'SLEEVED SPINACH BUNCH', 1, NULL, 'A small river named Duden flows by their place and supplies it with the necessary regelialia. It is a paradisematic country, in which roasted parts of sentences fly into your mouth. Text should turn around and return to its own, safe country. But nothing the copy said could convince her and so it didn’t take long until.', 1, 1, 1, NULL, '2020-04-18 06:15:20', '2020-04-18 06:15:20'),
(312, 2, 106, 'SLEEVED SILVERBEET BUNCH', 1, NULL, 'A small river named Duden flows by their place and supplies it with the necessary regelialia. It is a paradisematic country, in which roasted parts of sentences fly into your mouth. Text should turn around and return to its own, safe country. But nothing the copy said could convince her and so it didn’t take long until.', 1, 1, 1, NULL, '2020-04-18 06:15:20', '2020-04-18 06:15:20'),
(313, 2, 106, 'COLOURED SILVERBEET BUNCH', 1, NULL, 'A small river named Duden flows by their place and supplies it with the necessary regelialia. It is a paradisematic country, in which roasted parts of sentences fly into your mouth. Text should turn around and return to its own, safe country. But nothing the copy said could convince her and so it didn’t take long until.', 1, 1, 1, NULL, '2020-04-18 06:15:20', '2020-04-18 06:15:20'),
(314, 2, 106, 'RED KALE BUNCH', 1, NULL, 'A small river named Duden flows by their place and supplies it with the necessary regelialia. It is a paradisematic country, in which roasted parts of sentences fly into your mouth. Text should turn around and return to its own, safe country. But nothing the copy said could convince her and so it didn’t take long until.', 1, 1, 1, NULL, '2020-04-18 06:15:20', '2020-04-18 06:15:20'),
(315, 2, 106, 'TUSCAN BUNCH GREEN', 1, NULL, 'A small river named Duden flows by their place and supplies it with the necessary regelialia. It is a paradisematic country, in which roasted parts of sentences fly into your mouth. Text should turn around and return to its own, safe country. But nothing the copy said could convince her and so it didn’t take long until.', 1, 1, 1, NULL, '2020-04-18 06:15:20', '2020-04-18 06:15:20'),
(316, 2, 107, 'BASIL HERBS BUNCH', 1, NULL, 'A small river named Duden flows by their place and supplies it with the necessary regelialia. It is a paradisematic country, in which roasted parts of sentences fly into your mouth. Text should turn around and return to its own, safe country. But nothing the copy said could convince her and so it didn’t take long until.', 1, 1, 1, NULL, '2020-04-18 06:15:20', '2020-04-18 06:15:20'),
(317, 2, 107, 'BOK CHOY HERBS BUNCH', 1, NULL, 'A small river named Duden flows by their place and supplies it with the necessary regelialia. It is a paradisematic country, in which roasted parts of sentences fly into your mouth. Text should turn around and return to its own, safe country. But nothing the copy said could convince her and so it didn’t take long until.', 1, 1, 1, NULL, '2020-04-18 06:15:20', '2020-04-18 06:15:20'),
(318, 2, 107, 'CHIVES HERBS BUNCH', 1, NULL, 'A small river named Duden flows by their place and supplies it with the necessary regelialia. It is a paradisematic country, in which roasted parts of sentences fly into your mouth. Text should turn around and return to its own, safe country. But nothing the copy said could convince her and so it didn’t take long until.', 1, 1, 1, NULL, '2020-04-18 06:15:20', '2020-04-18 06:15:20'),
(319, 2, 107, 'CORIANDER HERBS BUNCH', 1, NULL, 'A small river named Duden flows by their place and supplies it with the necessary regelialia. It is a paradisematic country, in which roasted parts of sentences fly into your mouth. Text should turn around and return to its own, safe country. But nothing the copy said could convince her and so it didn’t take long until.', 1, 1, 1, NULL, '2020-04-18 06:15:20', '2020-04-18 06:15:20'),
(320, 2, 107, 'ROSEMARY HERBS BUNCH', 1, NULL, 'A small river named Duden flows by their place and supplies it with the necessary regelialia. It is a paradisematic country, in which roasted parts of sentences fly into your mouth. Text should turn around and return to its own, safe country. But nothing the copy said could convince her and so it didn’t take long until.', 1, 1, 1, NULL, '2020-04-18 06:15:20', '2020-04-18 06:15:20'),
(321, 2, 107, 'SAGE HERBS BUNCH', 1, NULL, 'A small river named Duden flows by their place and supplies it with the necessary regelialia. It is a paradisematic country, in which roasted parts of sentences fly into your mouth. Text should turn around and return to its own, safe country. But nothing the copy said could convince her and so it didn’t take long until.', 1, 1, 1, NULL, '2020-04-18 06:15:20', '2020-04-18 06:15:20'),
(322, 2, 107, 'THYME HERBS BUNCH', 1, NULL, 'A small river named Duden flows by their place and supplies it with the necessary regelialia. It is a paradisematic country, in which roasted parts of sentences fly into your mouth. Text should turn around and return to its own, safe country. But nothing the copy said could convince her and so it didn’t take long until.', 1, 1, 1, NULL, '2020-04-18 06:15:20', '2020-04-18 06:15:20'),
(323, 2, 107, 'MINT HERBS BUNCH', 1, NULL, 'A small river named Duden flows by their place and supplies it with the necessary regelialia. It is a paradisematic country, in which roasted parts of sentences fly into your mouth. Text should turn around and return to its own, safe country. But nothing the copy said could convince her and so it didn’t take long until.', 1, 1, 1, NULL, '2020-04-18 06:15:20', '2020-04-18 06:15:20'),
(324, 2, 67, 'BABY ROCKET', 1, NULL, 'A small river named Duden flows by their place and supplies it with the necessary regelialia. It is a paradisematic country, in which roasted parts of sentences fly into your mouth. Text should turn around and return to its own, safe country. But nothing the copy said could convince her and so it didn’t take long until.', 1, 1, 1, NULL, '2020-04-18 06:15:20', '2020-04-18 06:15:20'),
(325, 2, 67, 'BABY SPINACH', 1, NULL, 'A small river named Duden flows by their place and supplies it with the necessary regelialia. It is a paradisematic country, in which roasted parts of sentences fly into your mouth. Text should turn around and return to its own, safe country. But nothing the copy said could convince her and so it didn’t take long until.', 1, 1, 1, NULL, '2020-04-18 06:15:20', '2020-04-18 06:15:20'),
(326, 2, 67, 'CAESAR', 1, NULL, 'A small river named Duden flows by their place and supplies it with the necessary regelialia. It is a paradisematic country, in which roasted parts of sentences fly into your mouth. Text should turn around and return to its own, safe country. But nothing the copy said could convince her and so it didn’t take long until.', 1, 1, 1, NULL, '2020-04-18 06:15:20', '2020-04-18 06:15:20'),
(327, 2, 67, 'CRUNCHY ASIAN SALAD', 1, NULL, 'A small river named Duden flows by their place and supplies it with the necessary regelialia. It is a paradisematic country, in which roasted parts of sentences fly into your mouth. Text should turn around and return to its own, safe country. But nothing the copy said could convince her and so it didn’t take long until.', 1, 1, 1, NULL, '2020-04-18 06:15:20', '2020-04-18 06:15:20'),
(328, 2, 67, 'COLESLAW', 1, NULL, 'A small river named Duden flows by their place and supplies it with the necessary regelialia. It is a paradisematic country, in which roasted parts of sentences fly into your mouth. Text should turn around and return to its own, safe country. But nothing the copy said could convince her and so it didn’t take long until.', 1, 1, 1, NULL, '2020-04-18 06:15:20', '2020-04-18 06:15:20'),
(329, 2, 67, 'GOURMET COLESLAW ', 1, NULL, 'A small river named Duden flows by their place and supplies it with the necessary regelialia. It is a paradisematic country, in which roasted parts of sentences fly into your mouth. Text should turn around and return to its own, safe country. But nothing the copy said could convince her and so it didn’t take long until.', 1, 1, 1, NULL, '2020-04-18 06:15:20', '2020-04-18 06:15:20'),
(330, 2, 67, 'COLESLAW ', 1, NULL, 'A small river named Duden flows by their place and supplies it with the necessary regelialia. It is a paradisematic country, in which roasted parts of sentences fly into your mouth. Text should turn around and return to its own, safe country. But nothing the copy said could convince her and so it didn’t take long until.', 1, 1, 1, NULL, '2020-04-18 06:15:20', '2020-04-18 06:15:20'),
(331, 2, 67, 'FAMILY BLEND', 1, NULL, 'A small river named Duden flows by their place and supplies it with the necessary regelialia. It is a paradisematic country, in which roasted parts of sentences fly into your mouth. Text should turn around and return to its own, safe country. But nothing the copy said could convince her and so it didn’t take long until.', 1, 1, 1, NULL, '2020-04-18 06:15:20', '2020-04-18 06:15:20'),
(332, 2, 67, 'GREEK SALAD', 1, NULL, 'A small river named Duden flows by their place and supplies it with the necessary regelialia. It is a paradisematic country, in which roasted parts of sentences fly into your mouth. Text should turn around and return to its own, safe country. But nothing the copy said could convince her and so it didn’t take long until.', 1, 1, 1, NULL, '2020-04-18 06:15:20', '2020-04-18 06:15:20'),
(333, 2, 67, 'MESCLUN P/P', 1, NULL, 'A small river named Duden flows by their place and supplies it with the necessary regelialia. It is a paradisematic country, in which roasted parts of sentences fly into your mouth. Text should turn around and return to its own, safe country. But nothing the copy said could convince her and so it didn’t take long until.', 1, 1, 1, NULL, '2020-04-18 06:15:20', '2020-04-18 06:15:20'),
(334, 2, 67, 'WOK READY ST/FRY', 1, NULL, 'A small river named Duden flows by their place and supplies it with the necessary regelialia. It is a paradisematic country, in which roasted parts of sentences fly into your mouth. Text should turn around and return to its own, safe country. But nothing the copy said could convince her and so it didn’t take long until.', 1, 1, 1, NULL, '2020-04-18 06:15:20', '2020-04-18 06:15:20'),
(335, 2, 67, 'SOUP MIX', 1, NULL, 'A small river named Duden flows by their place and supplies it with the necessary regelialia. It is a paradisematic country, in which roasted parts of sentences fly into your mouth. Text should turn around and return to its own, safe country. But nothing the copy said could convince her and so it didn’t take long until.', 1, 1, 1, NULL, '2020-04-18 06:15:20', '2020-04-18 06:15:20'),
(336, 2, 67, 'SPINACH AND ROCKET', 1, NULL, 'A small river named Duden flows by their place and supplies it with the necessary regelialia. It is a paradisematic country, in which roasted parts of sentences fly into your mouth. Text should turn around and return to its own, safe country. But nothing the copy said could convince her and so it didn’t take long until.', 1, 1, 1, NULL, '2020-04-18 06:15:20', '2020-04-18 06:15:20'),
(337, 2, 67, 'GREAT VALUE SWEET', 1, NULL, 'A small river named Duden flows by their place and supplies it with the necessary regelialia. It is a paradisematic country, in which roasted parts of sentences fly into your mouth. Text should turn around and return to its own, safe country. But nothing the copy said could convince her and so it didn’t take long until.', 1, 1, 1, NULL, '2020-04-18 06:15:20', '2020-04-18 06:15:20'),
(338, 2, 67, 'GREAT VALUE SALAD', 1, NULL, 'A small river named Duden flows by their place and supplies it with the necessary regelialia. It is a paradisematic country, in which roasted parts of sentences fly into your mouth. Text should turn around and return to its own, safe country. But nothing the copy said could convince her and so it didn’t take long until.', 1, 1, 1, NULL, '2020-04-18 06:15:20', '2020-04-18 06:15:20'),
(339, 2, 67, 'GREAT VALUE ROCKET', 1, NULL, 'A small river named Duden flows by their place and supplies it with the necessary regelialia. It is a paradisematic country, in which roasted parts of sentences fly into your mouth. Text should turn around and return to its own, safe country. But nothing the copy said could convince her and so it didn’t take long until.', 1, 1, 1, NULL, '2020-04-18 06:15:20', '2020-04-18 06:15:20'),
(340, 2, 67, 'GREAT VALUE SPINACH', 1, NULL, 'A small river named Duden flows by their place and supplies it with the necessary regelialia. It is a paradisematic country, in which roasted parts of sentences fly into your mouth. Text should turn around and return to its own, safe country. But nothing the copy said could convince her and so it didn’t take long until.', 1, 1, 1, NULL, '2020-04-18 06:15:20', '2020-04-18 06:15:20'),
(341, 2, 67, 'STIR FRY MIX', 1, NULL, 'A small river named Duden flows by their place and supplies it with the necessary regelialia. It is a paradisematic country, in which roasted parts of sentences fly into your mouth. Text should turn around and return to its own, safe country. But nothing the copy said could convince her and so it didn’t take long until.', 1, 1, 1, NULL, '2020-04-18 06:15:20', '2020-04-18 06:15:20'),
(342, 2, 67, 'KALESLAW QUINOA KIT', 1, NULL, 'A small river named Duden flows by their place and supplies it with the necessary regelialia. It is a paradisematic country, in which roasted parts of sentences fly into your mouth. Text should turn around and return to its own, safe country. But nothing the copy said could convince her and so it didn’t take long until.', 1, 1, 1, NULL, '2020-04-18 06:15:20', '2020-04-18 06:15:20'),
(343, 2, 67, 'SLICED ONIONS', 1, NULL, 'A small river named Duden flows by their place and supplies it with the necessary regelialia. It is a paradisematic country, in which roasted parts of sentences fly into your mouth. Text should turn around and return to its own, safe country. But nothing the copy said could convince her and so it didn’t take long until.', 1, 1, 1, NULL, '2020-04-18 06:15:20', '2020-04-18 06:15:20'),
(344, 2, 68, 'MIX PACK MUSH', 1, NULL, 'A small river named Duden flows by their place and supplies it with the necessary regelialia. It is a paradisematic country, in which roasted parts of sentences fly into your mouth. Text should turn around and return to its own, safe country. But nothing the copy said could convince her and so it didn’t take long until.', 1, 1, 1, NULL, '2020-04-18 06:15:20', '2020-04-18 06:15:20'),
(345, 2, 68, 'STIRFRY', 1, NULL, 'A small river named Duden flows by their place and supplies it with the necessary regelialia. It is a paradisematic country, in which roasted parts of sentences fly into your mouth. Text should turn around and return to its own, safe country. But nothing the copy said could convince her and so it didn’t take long until.', 1, 1, 1, NULL, '2020-04-18 06:15:20', '2020-04-18 06:15:20'),
(346, 2, 68, 'OKRA', 1, NULL, 'A small river named Duden flows by their place and supplies it with the necessary regelialia. It is a paradisematic country, in which roasted parts of sentences fly into your mouth. Text should turn around and return to its own, safe country. But nothing the copy said could convince her and so it didn’t take long until.', 1, 1, 1, NULL, '2020-04-18 06:15:20', '2020-04-18 06:15:20'),
(347, 2, 68, 'BROC/CAULI FLORETS', 1, NULL, 'A small river named Duden flows by their place and supplies it with the necessary regelialia. It is a paradisematic country, in which roasted parts of sentences fly into your mouth. Text should turn around and return to its own, safe country. But nothing the copy said could convince her and so it didn’t take long until.', 1, 1, 1, NULL, '2020-04-18 06:15:20', '2020-04-18 06:15:20'),
(348, 2, 68, 'BOK CHOI SLEEVED', 1, NULL, 'A small river named Duden flows by their place and supplies it with the necessary regelialia. It is a paradisematic country, in which roasted parts of sentences fly into your mouth. Text should turn around and return to its own, safe country. But nothing the copy said could convince her and so it didn’t take long until.', 1, 1, 1, NULL, '2020-04-18 06:15:20', '2020-04-18 06:15:20'),
(349, 2, 68, 'GAI-LAN SLEEVED', 1, NULL, 'A small river named Duden flows by their place and supplies it with the necessary regelialia. It is a paradisematic country, in which roasted parts of sentences fly into your mouth. Text should turn around and return to its own, safe country. But nothing the copy said could convince her and so it didn’t take long until.', 1, 1, 1, NULL, '2020-04-18 06:15:20', '2020-04-18 06:15:20');
INSERT INTO `products` (`id`, `category_id`, `sub_category_id`, `product_name`, `main_unit_id`, `image_id`, `description`, `status`, `is_active`, `created_by`, `updated_by`, `created_at`, `updated_at`) VALUES
(350, 2, 68, 'SWEET BASIL SLEEVED', 1, NULL, 'A small river named Duden flows by their place and supplies it with the necessary regelialia. It is a paradisematic country, in which roasted parts of sentences fly into your mouth. Text should turn around and return to its own, safe country. But nothing the copy said could convince her and so it didn’t take long until.', 1, 1, 1, NULL, '2020-04-18 06:15:20', '2020-04-18 06:15:20'),
(351, 2, 68, 'SNAKE BEANS ', 1, NULL, 'A small river named Duden flows by their place and supplies it with the necessary regelialia. It is a paradisematic country, in which roasted parts of sentences fly into your mouth. Text should turn around and return to its own, safe country. But nothing the copy said could convince her and so it didn’t take long until.', 1, 1, 1, NULL, '2020-04-18 06:15:20', '2020-04-18 06:15:20'),
(352, 2, 68, 'THAI EGGPLANT ', 1, NULL, 'A small river named Duden flows by their place and supplies it with the necessary regelialia. It is a paradisematic country, in which roasted parts of sentences fly into your mouth. Text should turn around and return to its own, safe country. But nothing the copy said could convince her and so it didn’t take long until.', 1, 1, 1, NULL, '2020-04-18 06:15:20', '2020-04-18 06:15:20'),
(353, 2, 68, 'MIXED ASIAN GREEN', 1, NULL, 'A small river named Duden flows by their place and supplies it with the necessary regelialia. It is a paradisematic country, in which roasted parts of sentences fly into your mouth. Text should turn around and return to its own, safe country. But nothing the copy said could convince her and so it didn’t take long until.', 1, 1, 1, NULL, '2020-04-18 06:15:20', '2020-04-18 06:15:20'),
(354, 2, 69, 'CAESAR SALAD KIT', 1, NULL, 'A small river named Duden flows by their place and supplies it with the necessary regelialia. It is a paradisematic country, in which roasted parts of sentences fly into your mouth. Text should turn around and return to its own, safe country. But nothing the copy said could convince her and so it didn’t take long until.', 1, 1, 1, NULL, '2020-04-18 06:15:20', '2020-04-18 06:15:20'),
(355, 2, 69, 'GARDEN SALAD', 1, NULL, 'A small river named Duden flows by their place and supplies it with the necessary regelialia. It is a paradisematic country, in which roasted parts of sentences fly into your mouth. Text should turn around and return to its own, safe country. But nothing the copy said could convince her and so it didn’t take long until.', 1, 1, 1, NULL, '2020-04-18 06:15:20', '2020-04-18 06:15:20'),
(356, 2, 69, 'GREEK SALAD KIT', 1, NULL, 'A small river named Duden flows by their place and supplies it with the necessary regelialia. It is a paradisematic country, in which roasted parts of sentences fly into your mouth. Text should turn around and return to its own, safe country. But nothing the copy said could convince her and so it didn’t take long until.', 1, 1, 1, NULL, '2020-04-18 06:15:20', '2020-04-18 06:15:20'),
(357, 2, 69, 'ITALIAN SALAD KIT', 1, NULL, 'A small river named Duden flows by their place and supplies it with the necessary regelialia. It is a paradisematic country, in which roasted parts of sentences fly into your mouth. Text should turn around and return to its own, safe country. But nothing the copy said could convince her and so it didn’t take long until.', 1, 1, 1, NULL, '2020-04-18 06:15:20', '2020-04-18 06:15:20'),
(358, 2, 69, 'SPINACH SALAD KIT', 1, NULL, 'A small river named Duden flows by their place and supplies it with the necessary regelialia. It is a paradisematic country, in which roasted parts of sentences fly into your mouth. Text should turn around and return to its own, safe country. But nothing the copy said could convince her and so it didn’t take long until.', 1, 1, 1, NULL, '2020-04-18 06:15:20', '2020-04-18 06:15:20'),
(359, 2, 69, 'COLSLAW BOWL', 1, NULL, 'A small river named Duden flows by their place and supplies it with the necessary regelialia. It is a paradisematic country, in which roasted parts of sentences fly into your mouth. Text should turn around and return to its own, safe country. But nothing the copy said could convince her and so it didn’t take long until.', 1, 1, 1, NULL, '2020-04-18 06:15:20', '2020-04-18 06:15:20'),
(360, 2, 69, 'MIXED BOWL', 1, NULL, 'A small river named Duden flows by their place and supplies it with the necessary regelialia. It is a paradisematic country, in which roasted parts of sentences fly into your mouth. Text should turn around and return to its own, safe country. But nothing the copy said could convince her and so it didn’t take long until.', 1, 1, 1, NULL, '2020-04-18 06:15:20', '2020-04-18 06:15:20'),
(361, 2, 69, 'EURO BOWLS', 1, NULL, 'A small river named Duden flows by their place and supplies it with the necessary regelialia. It is a paradisematic country, in which roasted parts of sentences fly into your mouth. Text should turn around and return to its own, safe country. But nothing the copy said could convince her and so it didn’t take long until.', 1, 1, 1, NULL, '2020-04-18 06:15:20', '2020-04-18 06:15:20'),
(362, 2, 69, 'CRUNCHY ASIAN SALAD', 1, NULL, 'A small river named Duden flows by their place and supplies it with the necessary regelialia. It is a paradisematic country, in which roasted parts of sentences fly into your mouth. Text should turn around and return to its own, safe country. But nothing the copy said could convince her and so it didn’t take long until.', 1, 1, 1, NULL, '2020-04-18 06:15:20', '2020-04-18 06:15:20'),
(363, 2, 69, 'KALESLAW KIT', 1, NULL, 'A small river named Duden flows by their place and supplies it with the necessary regelialia. It is a paradisematic country, in which roasted parts of sentences fly into your mouth. Text should turn around and return to its own, safe country. But nothing the copy said could convince her and so it didn’t take long until.', 1, 1, 1, NULL, '2020-04-18 06:15:20', '2020-04-18 06:15:20'),
(364, 2, 70, 'CHINESE RADISH', 1, NULL, 'A small river named Duden flows by their place and supplies it with the necessary regelialia. It is a paradisematic country, in which roasted parts of sentences fly into your mouth. Text should turn around and return to its own, safe country. But nothing the copy said could convince her and so it didn’t take long until.', 1, 1, 1, NULL, '2020-04-18 06:15:20', '2020-04-18 06:15:20'),
(365, 2, 70, 'GREEN PAWPAW', 1, NULL, 'A small river named Duden flows by their place and supplies it with the necessary regelialia. It is a paradisematic country, in which roasted parts of sentences fly into your mouth. Text should turn around and return to its own, safe country. But nothing the copy said could convince her and so it didn’t take long until.', 1, 1, 1, NULL, '2020-04-18 06:15:20', '2020-04-18 06:15:20'),
(366, 2, 70, 'TURMERIC', 1, NULL, 'A small river named Duden flows by their place and supplies it with the necessary regelialia. It is a paradisematic country, in which roasted parts of sentences fly into your mouth. Text should turn around and return to its own, safe country. But nothing the copy said could convince her and so it didn’t take long until.', 1, 1, 1, NULL, '2020-04-18 06:15:20', '2020-04-18 06:15:20'),
(367, 2, 70, 'LONG MELON', 1, NULL, 'A small river named Duden flows by their place and supplies it with the necessary regelialia. It is a paradisematic country, in which roasted parts of sentences fly into your mouth. Text should turn around and return to its own, safe country. But nothing the copy said could convince her and so it didn’t take long until.', 1, 1, 1, NULL, '2020-04-18 06:15:20', '2020-04-18 06:15:20'),
(368, 2, 70, 'GARLIC SHOOTS', 1, NULL, 'A small river named Duden flows by their place and supplies it with the necessary regelialia. It is a paradisematic country, in which roasted parts of sentences fly into your mouth. Text should turn around and return to its own, safe country. But nothing the copy said could convince her and so it didn’t take long until.', 1, 1, 1, NULL, '2020-04-18 06:15:20', '2020-04-18 06:15:20'),
(369, 2, 70, 'BITTERMELON', 1, NULL, 'A small river named Duden flows by their place and supplies it with the necessary regelialia. It is a paradisematic country, in which roasted parts of sentences fly into your mouth. Text should turn around and return to its own, safe country. But nothing the copy said could convince her and so it didn’t take long until.', 1, 1, 1, NULL, '2020-04-18 06:15:20', '2020-04-18 06:15:20'),
(370, 2, 70, 'LYCHEE', 1, NULL, 'A small river named Duden flows by their place and supplies it with the necessary regelialia. It is a paradisematic country, in which roasted parts of sentences fly into your mouth. Text should turn around and return to its own, safe country. But nothing the copy said could convince her and so it didn’t take long until.', 1, 1, 1, NULL, '2020-04-18 06:15:20', '2020-04-18 06:15:20'),
(371, 2, 70, 'DRAGON FRUI', 1, NULL, 'A small river named Duden flows by their place and supplies it with the necessary regelialia. It is a paradisematic country, in which roasted parts of sentences fly into your mouth. Text should turn around and return to its own, safe country. But nothing the copy said could convince her and so it didn’t take long until.', 1, 1, 1, NULL, '2020-04-18 06:15:20', '2020-04-18 06:15:20'),
(372, 2, 70, 'GARLIC SHOOTS', 1, NULL, 'A small river named Duden flows by their place and supplies it with the necessary regelialia. It is a paradisematic country, in which roasted parts of sentences fly into your mouth. Text should turn around and return to its own, safe country. But nothing the copy said could convince her and so it didn’t take long until.', 1, 1, 1, NULL, '2020-04-18 06:15:20', '2020-04-18 06:15:20'),
(373, 2, 70, 'BITTERMELON', 1, NULL, 'A small river named Duden flows by their place and supplies it with the necessary regelialia. It is a paradisematic country, in which roasted parts of sentences fly into your mouth. Text should turn around and return to its own, safe country. But nothing the copy said could convince her and so it didn’t take long until.', 1, 1, 1, NULL, '2020-04-18 06:15:20', '2020-04-18 06:15:20'),
(374, 2, 70, 'DRAGON FRUIT', 1, NULL, 'A small river named Duden flows by their place and supplies it with the necessary regelialia. It is a paradisematic country, in which roasted parts of sentences fly into your mouth. Text should turn around and return to its own, safe country. But nothing the copy said could convince her and so it didn’t take long until.', 1, 1, 1, NULL, '2020-04-18 06:15:20', '2020-04-18 06:15:20'),
(375, 1, 12, 'PEELED CARROTS', 1, 0, 'A small river named Duden flows by their place and supplies it with the necessary regelialia. It is a paradisematic country, in which roasted parts of sentences fly into your mouth. Text should turn around and return to its own, safe country. But nothing the copy said could convince her and so it didn’t take long until.', 1, 1, 1, NULL, '2020-04-18 06:32:20', '2020-04-18 06:32:20'),
(376, 1, 24, 'PEELED ONIONS RED', 1, 0, 'A small river named Duden flows by their place and supplies it with the necessary regelialia. It is a paradisematic country, in which roasted parts of sentences fly into your mouth. Text should turn around and return to its own, safe country. But nothing the copy said could convince her and so it didn’t take long until.', 1, 1, 1, NULL, '2020-04-18 06:32:49', '2020-04-18 06:32:49'),
(377, 1, 24, 'PEELED ONIONS', 1, 0, 'A small river named Duden flows by their place and supplies it with the necessary regelialia. It is a paradisematic country, in which roasted parts of sentences fly into your mouth. Text should turn around and return to its own, safe country. But nothing the copy said could convince her and so it didn’t take long until.', 1, 1, 1, NULL, '2020-04-18 06:33:05', '2020-04-18 06:33:05'),
(378, 1, 24, 'PEELED ONIONS SLICED', 1, 0, 'A small river named Duden flows by their place and supplies it with the necessary regelialia. It is a paradisematic country, in which roasted parts of sentences fly into your mouth. Text should turn around and return to its own, safe country. But nothing the copy said could convince her and so it didn’t take long until.', 1, 1, 1, NULL, '2020-04-18 06:33:29', '2020-04-18 06:33:29'),
(379, 1, 37, 'PEELED PUMPKIN', 1, 0, 'A small river named Duden flows by their place and supplies it with the necessary regelialia. It is a paradisematic country, in which roasted parts of sentences fly into your mouth. Text should turn around and return to its own, safe country. But nothing the copy said could convince her and so it didn’t take long until.', 1, 1, 1, NULL, '2020-04-18 06:33:51', '2020-04-18 06:33:51'),
(380, 1, 25, 'PEELED POTATOES', 1, 0, 'A small river named Duden flows by their place and supplies it with the necessary regelialia. It is a paradisematic country, in which roasted parts of sentences fly into your mouth. Text should turn around and return to its own, safe country. But nothing the copy said could convince her and so it didn’t take long until.', 1, 1, 1, NULL, '2020-04-18 06:34:17', '2020-04-18 06:34:17'),
(381, 1, 25, 'PEEELED POTATOES SLICED ', 1, 0, 'A small river named Duden flows by their place and supplies it with the necessary regelialia. It is a paradisematic country, in which roasted parts of sentences fly into your mouth. Text should turn around and return to its own, safe country. But nothing the copy said could convince her and so it didn’t take long until.', 1, 1, 1, NULL, '2020-04-18 06:34:43', '2020-04-18 06:34:43'),
(382, 72, 76, 'EXTRA STRONG NORMAL CARRY BAG', 1, 0, 'A small river named Duden flows by their place and supplies it with the necessary regelialia. It is a paradisematic country, in which roasted parts of sentences fly into your mouth. Text should turn around and return to its own, safe country. But nothing the copy said could convince her and so it didn’t take long until.', 1, 1, 1, NULL, '2020-04-18 06:37:19', '2020-04-18 06:37:19'),
(383, 72, 76, 'FOODLAND EXTRA STRONG CARRY BAGS', 1, 0, 'A small river named Duden flows by their place and supplies it with the necessary regelialia. It is a paradisematic country, in which roasted parts of sentences fly into your mouth. Text should turn around and return to its own, safe country. But nothing the copy said could convince her and so it didn’t take long until.', 1, 1, 1, NULL, '2020-04-18 06:37:46', '2020-04-18 06:37:46'),
(384, 72, 76, 'PAPER NO HANDLE - CARRY BAG', 1, 0, 'A small river named Duden flows by their place and supplies it with the necessary regelialia. It is a paradisematic country, in which roasted parts of sentences fly into your mouth. Text should turn around and return to its own, safe country. But nothing the copy said could convince her and so it didn’t take long until.', 1, 1, 1, NULL, '2020-04-18 06:38:20', '2020-04-18 06:38:20'),
(385, 72, 76, 'PAPER WITH HANDLE - CARRY BAG', 1, 0, 'A small river named Duden flows by their place and supplies it with the necessary regelialia. It is a paradisematic country, in which roasted parts of sentences fly into your mouth. Text should turn around and return to its own, safe country. But nothing the copy said could convince her and so it didn’t take long until.', 1, 1, 1, NULL, '2020-04-18 06:38:47', '2020-04-18 06:38:47'),
(386, 72, 77, 'PRODUCE ROLL - NORMAL', 1, 0, 'A small river named Duden flows by their place and supplies it with the necessary regelialia. It is a paradisematic country, in which roasted parts of sentences fly into your mouth. Text should turn around and return to its own, safe country. But nothing the copy said could convince her and so it didn’t take long until.', 1, 1, 1, NULL, '2020-04-18 06:39:38', '2020-04-18 06:39:38'),
(387, 72, 77, 'STAR SEAL (SMALL) - PRODUCE ROLL', 1, 0, 'A small river named Duden flows by their place and supplies it with the necessary regelialia. It is a paradisematic country, in which roasted parts of sentences fly into your mouth. Text should turn around and return to its own, safe country. But nothing the copy said could convince her and so it didn’t take long until.', 1, 1, 1, NULL, '2020-04-18 06:40:21', '2020-04-18 06:40:21'),
(388, 72, 77, 'LARGE PRODUCE ROLL', 1, 0, 'A small river named Duden flows by their place and supplies it with the necessary regelialia. It is a paradisematic country, in which roasted parts of sentences fly into your mouth. Text should turn around and return to its own, safe country. But nothing the copy said could convince her and so it didn’t take long until.', 1, 1, 1, NULL, '2020-04-18 06:40:47', '2020-04-18 06:40:47'),
(389, 72, 77, 'CORN STARCU STAR SEAL ROLLS', 1, 0, 'A small river named Duden flows by their place and supplies it with the necessary regelialia. It is a paradisematic country, in which roasted parts of sentences fly into your mouth. Text should turn around and return to its own, safe country. But nothing the copy said could convince her and so it didn’t take long until.', 1, 1, 1, NULL, '2020-04-18 06:41:35', '2020-04-18 06:41:35'),
(390, 71, 113, 'Tuna Fish', 1, 0, 'A small river named Duden flows by their place and supplies it with the necessary regelialia. It is a paradisematic country, in which roasted parts of sentences fly into your mouth. Text should turn around and return to its own, safe country. But nothing the copy said could convince her and so it didn’t take long until.', 1, 1, 1, NULL, '2020-04-27 13:13:18', '2020-04-27 13:13:18'),
(391, 114, 115, 'Testing Product', 1, 0, 'A small river named Duden flows by their place and supplies it with the necessary regelialia. It is a paradisematic country, in which roasted parts of sentences fly into your mouth. Text should turn around and return to its own, safe country. But nothing the copy said could convince her and so it didn’t take long until.', 1, 1, 1, NULL, '2020-04-28 11:12:32', '2020-04-28 11:12:32'),
(392, 2, 108, 'BANANA XXL 15KG', 1, 0, 'A small river named Duden flows by their place and supplies it with the necessary regelialia. It is a paradisematic country, in which roasted parts of sentences fly into your mouth. Text should turn around and return to its own, safe country. But nothing the copy said could convince her and so it didn’t take long until.', 1, 1, 1, NULL, '2020-04-29 02:55:14', '2020-04-29 02:55:14'),
(393, 116, 117, 'dfadf', 1, 0, 'A small river named Duden flows by their place and supplies it with the necessary regelialia. It is a paradisematic country, in which roasted parts of sentences fly into your mouth. Text should turn around and return to its own, safe country. But nothing the copy said could convince her and so it didn’t take long until.', 1, 1, 1, NULL, '2020-05-02 11:05:16', '2020-05-02 11:05:16'),
(394, 116, 117, 'Temp Product', 1, 0, 'A small river named Duden flows by their place and supplies it with the necessary regelialia. It is a paradisematic country, in which roasted parts of sentences fly into your mouth. Text should turn around and return to its own, safe country. But nothing the copy said could convince her and so it didn’t take long until.', 1, 1, 1, NULL, '2020-05-06 13:16:56', '2020-05-06 13:16:56'),
(395, 2, 38, 'apple pink lady ', 1, 0, 'A small river named Duden flows by their place and supplies it with the necessary regelialia. It is a paradisematic country, in which roasted parts of sentences fly into your mouth. Text should turn around and return to its own, safe country. But nothing the copy said could convince her and so it didn’t take long until.', 1, 1, 1, NULL, '2020-05-07 04:21:14', '2020-05-07 04:21:14'),
(396, 75, 92, 'Tessting', 1, 0, 'testkng', 1, 1, 1, NULL, '2020-05-10 10:11:42', '2020-05-10 10:11:42'),
(397, 114, 115, 'Testing Upload', 1, 0, 'A small river named Duden flows by their place and supplies it with the necessary regelialia. It is a paradisematic country, in which roasted parts of sentences fly into your mouth. Text should turn around and return to its own, safe country. But nothing the copy said could convince her and so it didn’t take long until.', 1, 1, 1, NULL, '2020-05-11 08:32:56', '2020-05-11 08:32:56');

-- --------------------------------------------------------

--
-- Table structure for table `products_measurement`
--

CREATE TABLE `products_measurement` (
  `id` int(11) NOT NULL,
  `product_id` int(11) DEFAULT NULL,
  `unit_value` double DEFAULT NULL,
  `unit_id` int(11) DEFAULT NULL,
  `price` double DEFAULT '0',
  `price_per_unit` double DEFAULT '0',
  `is_packet` tinyint(4) DEFAULT NULL,
  `packet_weight` double DEFAULT NULL,
  `packet_unit_id` int(11) DEFAULT NULL,
  `is_active` tinyint(4) DEFAULT NULL,
  `created_at` timestamp NOT NULL DEFAULT CURRENT_TIMESTAMP,
  `updated_at` timestamp NOT NULL DEFAULT CURRENT_TIMESTAMP
) ENGINE=InnoDB DEFAULT CHARSET=latin1;

--
-- Dumping data for table `products_measurement`
--

INSERT INTO `products_measurement` (`id`, `product_id`, `unit_value`, `unit_id`, `price`, `price_per_unit`, `is_packet`, `packet_weight`, `packet_unit_id`, `is_active`, `created_at`, `updated_at`) VALUES
(1, 1, 1, 1, 0, 0, 0, 0, 0, 1, '2020-04-16 06:23:51', '2020-04-16 06:23:51'),
(2, 2, 1, 1, 0, 0, 0, 0, 0, 1, '2020-04-16 06:33:40', '2020-04-16 06:33:40'),
(3, 3, 1, 1, 0, 0, 0, 0, 0, 1, '2020-04-16 06:34:38', '2020-04-16 06:34:38'),
(4, 4, 1, 1, 0, 0, 0, 0, 0, 1, '2020-04-16 06:35:22', '2020-04-16 06:35:22'),
(5, 5, 1, 1, 0, 0, 0, 0, 0, 1, '2020-04-16 06:35:49', '2020-04-16 06:35:49'),
(6, 6, 1, 1, 0, 0, 0, 0, 0, 1, '2020-04-16 06:36:37', '2020-04-16 06:36:37'),
(7, 7, 1, 1, 0, 0, 0, 0, 0, 1, '2020-04-16 06:37:40', '2020-04-16 06:37:40'),
(8, 8, 1, 1, 0, 0, 0, 0, 0, 1, '2020-04-16 06:38:36', '2020-04-16 06:38:36'),
(9, 8, 100, 2, 0, 0, 0, 0, 0, 1, '2020-04-16 06:38:37', '2020-04-16 06:38:37'),
(10, 9, 1, 1, 0, 0, 0, 0, 0, 1, '2020-04-16 06:39:01', '2020-04-16 06:39:01'),
(11, 1, 100, 2, 0, 0, 0, 0, 0, 1, '2020-04-16 06:23:51', '2020-04-16 06:23:51'),
(12, 2, 100, 2, 0, 0, 0, 0, 0, 1, '2020-04-16 06:33:40', '2020-04-16 06:33:40'),
(13, 3, 100, 2, 0, 0, 0, 0, 0, 1, '2020-04-16 06:34:38', '2020-04-16 06:34:38'),
(14, 4, 100, 2, 0, 0, 0, 0, 0, 1, '2020-04-16 06:35:22', '2020-04-16 06:35:22'),
(15, 5, 100, 2, 0, 0, 0, 0, 0, 1, '2020-04-16 06:35:49', '2020-04-16 06:35:49'),
(16, 6, 100, 2, 0, 0, 0, 0, 0, 1, '2020-04-16 06:36:37', '2020-04-16 06:36:37'),
(17, 7, 100, 2, 0, 0, 0, 0, 0, 1, '2020-04-16 06:37:40', '2020-04-16 06:37:40'),
(18, 9, 100, 2, 0, 0, 0, 0, 0, 1, '2020-04-16 06:39:01', '2020-04-16 06:39:01'),
(20, 6, 1, 7, 0, 0, 1, 5, 1, 1, '2020-04-16 06:36:37', '2020-04-16 06:36:37'),
(21, 9, 1, 7, 0, 0, 1, 500, 2, 1, '2020-04-16 06:39:01', '2020-04-16 06:39:01'),
(22, 10, 1, 1, 0, 0, 0, 0, 0, 1, '2020-04-17 05:15:28', '2020-04-17 05:15:28'),
(23, 10, 100, 2, 0, 0, 0, 0, 0, 1, '2020-04-17 05:15:28', '2020-04-17 05:15:28'),
(24, 11, 1, 1, 0, 0, 0, 0, 0, 1, '2020-04-17 05:16:12', '2020-04-17 05:16:12'),
(25, 11, 100, 2, 0, 0, 0, 0, 0, 1, '2020-04-17 05:16:12', '2020-04-17 05:16:12'),
(26, 12, 1, 1, 0, 0, 0, 0, 0, 1, '2020-04-17 05:16:55', '2020-04-17 05:16:55'),
(27, 12, 100, 2, 0, 0, 0, 0, 0, 1, '2020-04-17 05:16:55', '2020-04-17 05:16:55'),
(28, 13, 1, 1, 0, 0, 0, 0, 0, 1, '2020-04-17 06:03:13', '2020-04-17 06:03:13'),
(29, 13, 100, 2, 0, 0, 0, 0, 0, 1, '2020-04-17 06:03:14', '2020-04-17 06:03:14'),
(30, 13, 1, 7, 0, 0, 1, 1, 1, 1, '2020-04-17 06:03:14', '2020-04-17 06:03:14'),
(31, 14, 1, 1, 0, 0, 0, 0, 0, 1, '2020-04-17 06:05:25', '2020-04-17 06:05:25'),
(32, 14, 100, 2, 0, 0, 0, 0, 0, 1, '2020-04-17 06:05:26', '2020-04-17 06:05:26'),
(33, 14, 1, 7, 0, 0, 1, 1, 1, 1, '2020-04-17 06:05:26', '2020-04-17 06:05:26'),
(34, 15, 1, 1, 0, 0, 0, 0, 0, 1, '2020-04-17 06:06:02', '2020-04-17 06:06:02'),
(35, 15, 100, 2, 0, 0, 0, 0, 0, 1, '2020-04-17 06:06:02', '2020-04-17 06:06:02'),
(36, 15, 1, 7, 0, 0, 1, 1, 1, 1, '2020-04-17 06:06:03', '2020-04-17 06:06:03'),
(37, 16, 1, 1, 0, 0, 0, 0, 0, 1, '2020-04-17 06:09:53', '2020-04-17 06:09:53'),
(38, 16, 100, 2, 0, 0, 0, 0, 0, 1, '2020-04-17 06:09:53', '2020-04-17 06:09:53'),
(39, 17, 1, 1, 0, 0, 0, 0, 0, 1, '2020-04-17 06:10:59', '2020-04-17 06:10:59'),
(40, 17, 100, 2, 0, 0, 0, 0, 0, 1, '2020-04-17 06:10:59', '2020-04-17 06:10:59'),
(41, 18, 1, 1, 0, 0, 0, 0, 0, 1, '2020-04-17 12:23:15', '2020-04-17 12:23:15'),
(42, 18, 100, 2, 0, 0, 0, 0, 0, 1, '2020-04-17 12:23:16', '2020-04-17 12:23:16'),
(43, 18, 1, 7, 0, 0, 1, 1, 1, 1, '2020-04-17 12:23:16', '2020-04-17 12:23:16'),
(44, 19, 1, 1, 0, 0, 0, 0, 0, 1, '2020-04-17 12:24:02', '2020-04-17 12:24:02'),
(45, 19, 100, 2, 0, 0, 0, 0, 0, 1, '2020-04-17 12:24:02', '2020-04-17 12:24:02'),
(46, 20, 1, 1, 0, 0, 0, 0, 0, 1, '2020-04-17 12:25:24', '2020-04-17 12:25:24'),
(47, 20, 100, 2, 0, 0, 0, 0, 0, 1, '2020-04-17 12:25:25', '2020-04-17 12:25:25'),
(48, 21, 1, 1, 0, 0, 0, 0, 0, 1, '2020-04-17 12:28:10', '2020-04-17 12:28:10'),
(49, 21, 100, 2, 0, 0, 0, 0, 0, 1, '2020-04-17 12:28:10', '2020-04-17 12:28:10'),
(50, 22, 1, 1, 0, 0, 0, 0, 0, 1, '2020-04-17 12:32:54', '2020-04-17 12:32:54'),
(51, 22, 100, 2, 0, 0, 0, 0, 0, 1, '2020-04-17 12:32:54', '2020-04-17 12:32:54'),
(52, 23, 1, 1, 0, 0, 0, 0, 0, 1, '2020-04-17 12:33:25', '2020-04-17 12:33:25'),
(53, 23, 100, 2, 0, 0, 0, 0, 0, 1, '2020-04-17 12:33:25', '2020-04-17 12:33:25'),
(54, 24, 1, 1, 0, 0, 0, 0, 0, 1, '2020-04-17 12:33:52', '2020-04-17 12:33:52'),
(55, 24, 100, 2, 0, 0, 0, 0, 0, 1, '2020-04-17 12:33:52', '2020-04-17 12:33:52'),
(56, 25, 1, 1, 0, 0, 0, 0, 0, 1, '2020-04-17 12:35:06', '2020-04-17 12:35:06'),
(57, 25, 100, 2, 0, 0, 0, 0, 0, 1, '2020-04-17 12:35:06', '2020-04-17 12:35:06'),
(58, 26, 1, 1, 0, 0, 0, 0, 0, 1, '2020-04-17 12:35:55', '2020-04-17 12:35:55'),
(59, 26, 100, 2, 0, 0, 0, 0, 0, 1, '2020-04-17 12:35:55', '2020-04-17 12:35:55'),
(60, 27, 1, 1, 0, 0, 0, 0, 0, 1, '2020-04-17 12:36:30', '2020-04-17 12:36:30'),
(61, 27, 100, 2, 0, 0, 0, 0, 0, 1, '2020-04-17 12:36:30', '2020-04-17 12:36:30'),
(62, 36, 1, 1, 0, 0, 0, 0, 0, 1, '2020-04-17 12:48:46', '2020-04-17 12:48:46'),
(63, 36, 100, 2, 0, 0, 0, 0, 0, 1, '2020-04-17 12:48:46', '2020-04-17 12:48:46'),
(64, 37, 1, 1, 0, 0, 0, 0, 0, 1, '2020-04-17 12:49:09', '2020-04-17 12:49:09'),
(65, 37, 100, 2, 0, 0, 0, 0, 0, 1, '2020-04-17 12:49:09', '2020-04-17 12:49:09'),
(66, 38, 1, 1, 0, 0, 0, 0, 0, 1, '2020-04-17 12:50:37', '2020-04-17 12:50:37'),
(67, 38, 100, 2, 0, 0, 0, 0, 0, 1, '2020-04-17 12:50:37', '2020-04-17 12:50:37'),
(68, 38, 1, 7, 0, 0, 1, 5, 1, 1, '2020-04-17 12:50:38', '2020-04-17 12:50:38'),
(69, 39, 1, 1, 0, 0, 0, 0, 0, 1, '2020-04-17 12:51:17', '2020-04-17 12:51:17'),
(70, 39, 100, 2, 0, 0, 0, 0, 0, 1, '2020-04-17 12:51:17', '2020-04-17 12:51:17'),
(71, 40, 1, 1, 0, 0, 0, 0, 0, 1, '2020-04-17 12:51:48', '2020-04-17 12:51:48'),
(72, 40, 100, 2, 0, 0, 0, 0, 0, 1, '2020-04-17 12:51:49', '2020-04-17 12:51:49'),
(73, 28, 1, 1, 0, 0, 0, 0, 0, 1, '2020-04-17 12:51:48', '2020-04-17 12:51:48'),
(74, 28, 100, 2, 0, 0, 0, 0, 0, 1, '2020-04-17 12:51:49', '2020-04-17 12:51:49'),
(75, 29, 1, 1, 0, 0, 0, 0, 0, 1, '2020-04-17 12:51:48', '2020-04-17 12:51:48'),
(76, 29, 100, 2, 0, 0, 0, 0, 0, 1, '2020-04-17 12:51:49', '2020-04-17 12:51:49'),
(77, 30, 1, 1, 0, 0, 0, 0, 0, 1, '2020-04-17 12:51:48', '2020-04-17 12:51:48'),
(78, 30, 100, 2, 0, 0, 0, 0, 0, 1, '2020-04-17 12:51:49', '2020-04-17 12:51:49'),
(79, 31, 1, 1, 0, 0, 0, 0, 0, 1, '2020-04-17 12:51:48', '2020-04-17 12:51:48'),
(80, 31, 100, 2, 0, 0, 0, 0, 0, 1, '2020-04-17 12:51:49', '2020-04-17 12:51:49'),
(81, 32, 1, 1, 0, 0, 0, 0, 0, 1, '2020-04-17 12:51:48', '2020-04-17 12:51:48'),
(82, 32, 100, 2, 0, 0, 0, 0, 0, 1, '2020-04-17 12:51:49', '2020-04-17 12:51:49'),
(83, 33, 1, 1, 0, 0, 0, 0, 0, 1, '2020-04-17 12:51:48', '2020-04-17 12:51:48'),
(84, 33, 100, 2, 0, 0, 0, 0, 0, 1, '2020-04-17 12:51:49', '2020-04-17 12:51:49'),
(85, 34, 1, 1, 0, 0, 0, 0, 0, 1, '2020-04-17 12:51:48', '2020-04-17 12:51:48'),
(86, 34, 100, 2, 0, 0, 0, 0, 0, 1, '2020-04-17 12:51:49', '2020-04-17 12:51:49'),
(87, 35, 1, 1, 0, 0, 0, 0, 0, 1, '2020-04-17 12:51:48', '2020-04-17 12:51:48'),
(88, 35, 100, 2, 0, 0, 0, 0, 0, 1, '2020-04-17 12:51:49', '2020-04-17 12:51:49'),
(89, 41, 1, 1, 0, 0, 0, 0, 0, 1, '2020-04-17 12:56:24', '2020-04-17 12:56:24'),
(90, 41, 100, 2, 0, 0, 0, 0, 0, 1, '2020-04-17 12:56:24', '2020-04-17 12:56:24'),
(91, 42, 1, 1, 0, 0, 0, 0, 0, 1, '2020-04-17 12:58:13', '2020-04-17 12:58:13'),
(92, 42, 100, 2, 0, 0, 0, 0, 0, 1, '2020-04-17 12:58:13', '2020-04-17 12:58:13'),
(93, 43, 1, 1, 0, 0, 0, 0, 0, 1, '2020-04-17 12:58:40', '2020-04-17 12:58:40'),
(94, 43, 100, 2, 0, 0, 0, 0, 0, 1, '2020-04-17 12:58:40', '2020-04-17 12:58:40'),
(95, 44, 1, 1, 0, 0, 0, 0, 0, 1, '2020-04-17 12:59:11', '2020-04-17 12:59:11'),
(96, 44, 100, 2, 0, 0, 0, 0, 0, 1, '2020-04-17 12:59:11', '2020-04-17 12:59:11'),
(97, 45, 1, 1, 0, 0, 0, 0, 0, 1, '2020-04-17 12:59:39', '2020-04-17 12:59:39'),
(98, 45, 100, 2, 0, 0, 0, 0, 0, 1, '2020-04-17 12:59:39', '2020-04-17 12:59:39'),
(99, 46, 1, 1, 0, 0, 0, 0, 0, 1, '2020-04-17 13:00:13', '2020-04-17 13:00:13'),
(100, 46, 100, 2, 0, 0, 0, 0, 0, 1, '2020-04-17 13:00:13', '2020-04-17 13:00:13'),
(101, 47, 1, 1, 0, 0, 0, 0, 0, 1, '2020-04-17 13:02:36', '2020-04-17 13:02:36'),
(102, 47, 100, 2, 0, 0, 0, 0, 0, 1, '2020-04-17 13:02:37', '2020-04-17 13:02:37'),
(103, 48, 1, 1, 0, 0, 0, 0, 0, 1, '2020-04-17 13:03:01', '2020-04-17 13:03:01'),
(104, 48, 100, 2, 0, 0, 0, 0, 0, 1, '2020-04-17 13:03:01', '2020-04-17 13:03:01'),
(105, 49, 1, 1, 0, 0, 0, 0, 0, 1, '2020-04-17 13:04:32', '2020-04-17 13:04:32'),
(106, 49, 100, 2, 0, 0, 0, 0, 0, 1, '2020-04-17 13:04:32', '2020-04-17 13:04:32'),
(107, 50, 1, 1, 0, 0, 0, 0, 0, 1, '2020-04-17 13:05:04', '2020-04-17 13:05:04'),
(108, 50, 100, 2, 0, 0, 0, 0, 0, 1, '2020-04-17 13:05:04', '2020-04-17 13:05:04'),
(109, 51, 100, 2, 0, 0, 0, 0, 0, 1, '2020-04-17 13:05:35', '2020-04-17 13:05:35'),
(110, 51, 1, 1, 0, 0, 0, 0, 0, 1, '2020-04-17 13:05:35', '2020-04-17 13:05:35'),
(111, 52, 1, 1, 0, 0, 0, 0, 0, 1, '2020-04-17 13:20:22', '2020-04-17 13:20:22'),
(112, 52, 100, 2, 0, 0, 0, 0, 0, 1, '2020-04-17 13:20:22', '2020-04-17 13:20:22'),
(113, 53, 1, 1, 0, 0, 0, 0, 0, 1, '2020-04-17 13:20:22', '2020-04-17 13:20:22'),
(114, 53, 100, 2, 0, 0, 0, 0, 0, 1, '2020-04-17 13:20:22', '2020-04-17 13:20:22'),
(115, 54, 1, 1, 0, 0, 0, 0, 0, 1, '2020-04-17 13:20:22', '2020-04-17 13:20:22'),
(116, 54, 100, 2, 0, 0, 0, 0, 0, 1, '2020-04-17 13:20:22', '2020-04-17 13:20:22'),
(117, 55, 1, 1, 0, 0, 0, 0, 0, 1, '2020-04-17 13:20:22', '2020-04-17 13:20:22'),
(118, 55, 100, 2, 0, 0, 0, 0, 0, 1, '2020-04-17 13:20:22', '2020-04-17 13:20:22'),
(119, 56, 1, 1, 0, 0, 0, 0, 0, 1, '2020-04-17 13:20:22', '2020-04-17 13:20:22'),
(120, 56, 100, 2, 0, 0, 0, 0, 0, 1, '2020-04-17 13:20:22', '2020-04-17 13:20:22'),
(121, 57, 1, 1, 0, 0, 0, 0, 0, 1, '2020-04-17 13:20:22', '2020-04-17 13:20:22'),
(122, 57, 100, 2, 0, 0, 0, 0, 0, 1, '2020-04-17 13:20:22', '2020-04-17 13:20:22'),
(123, 58, 1, 1, 0, 0, 0, 0, 0, 1, '2020-04-17 13:20:22', '2020-04-17 13:20:22'),
(124, 58, 100, 2, 0, 0, 0, 0, 0, 1, '2020-04-17 13:20:22', '2020-04-17 13:20:22'),
(125, 59, 1, 1, 0, 0, 0, 0, 0, 1, '2020-04-17 13:20:22', '2020-04-17 13:20:22'),
(126, 59, 100, 2, 0, 0, 0, 0, 0, 1, '2020-04-17 13:20:22', '2020-04-17 13:20:22'),
(127, 60, 1, 1, 0, 0, 0, 0, 0, 1, '2020-04-17 13:20:22', '2020-04-17 13:20:22'),
(128, 60, 100, 2, 0, 0, 0, 0, 0, 1, '2020-04-17 13:20:22', '2020-04-17 13:20:22'),
(129, 61, 1, 1, 0, 0, 0, 0, 0, 1, '2020-04-17 13:20:22', '2020-04-17 13:20:22'),
(130, 61, 100, 2, 0, 0, 0, 0, 0, 1, '2020-04-17 13:20:22', '2020-04-17 13:20:22'),
(131, 62, 1, 1, 0, 0, 0, 0, 0, 1, '2020-04-17 13:20:22', '2020-04-17 13:20:22'),
(132, 62, 100, 2, 0, 0, 0, 0, 0, 1, '2020-04-17 13:20:22', '2020-04-17 13:20:22'),
(133, 63, 1, 1, 0, 0, 0, 0, 0, 1, '2020-04-17 13:20:22', '2020-04-17 13:20:22'),
(134, 63, 100, 2, 0, 0, 0, 0, 0, 1, '2020-04-17 13:20:22', '2020-04-17 13:20:22'),
(135, 64, 1, 1, 0, 0, 0, 0, 0, 1, '2020-04-17 13:28:14', '2020-04-17 13:28:14'),
(136, 64, 100, 2, 0, 0, 0, 0, 0, 1, '2020-04-17 13:28:14', '2020-04-17 13:28:14'),
(137, 65, 1, 1, 0, 0, 0, 0, 0, 1, '2020-04-17 13:28:14', '2020-04-17 13:28:14'),
(138, 65, 100, 2, 0, 0, 0, 0, 0, 1, '2020-04-17 13:28:14', '2020-04-17 13:28:14'),
(139, 66, 1, 1, 0, 0, 0, 0, 0, 1, '2020-04-17 13:28:14', '2020-04-17 13:28:14'),
(140, 66, 100, 2, 0, 0, 0, 0, 0, 1, '2020-04-17 13:28:14', '2020-04-17 13:28:14'),
(141, 67, 1, 1, 0, 0, 0, 0, 0, 1, '2020-04-17 13:28:14', '2020-04-17 13:28:14'),
(142, 67, 100, 2, 0, 0, 0, 0, 0, 1, '2020-04-17 13:28:14', '2020-04-17 13:28:14'),
(143, 68, 1, 1, 0, 0, 0, 0, 0, 1, '2020-04-17 13:28:14', '2020-04-17 13:28:14'),
(144, 68, 100, 2, 0, 0, 0, 0, 0, 1, '2020-04-17 13:28:14', '2020-04-17 13:28:14'),
(145, 69, 1, 1, 0, 0, 0, 0, 0, 1, '2020-04-17 13:28:14', '2020-04-17 13:28:14'),
(146, 69, 100, 2, 0, 0, 0, 0, 0, 1, '2020-04-17 13:28:14', '2020-04-17 13:28:14'),
(147, 70, 1, 1, 0, 0, 0, 0, 0, 1, '2020-04-17 13:28:14', '2020-04-17 13:28:14'),
(148, 70, 100, 2, 0, 0, 0, 0, 0, 1, '2020-04-17 13:28:14', '2020-04-17 13:28:14'),
(149, 71, 1, 1, 0, 0, 0, 0, 0, 1, '2020-04-17 13:28:14', '2020-04-17 13:28:14'),
(150, 71, 100, 2, 0, 0, 0, 0, 0, 1, '2020-04-17 13:28:14', '2020-04-17 13:28:14'),
(151, 72, 1, 1, 0, 0, 0, 0, 0, 1, '2020-04-17 13:37:58', '2020-04-17 13:37:58'),
(152, 72, 100, 2, 0, 0, 0, 0, 0, 1, '2020-04-17 13:38:25', '2020-04-17 13:38:25'),
(154, 73, 1, 1, 0, 0, 0, 0, 0, 1, '2020-04-17 13:40:04', '2020-04-17 13:40:04'),
(155, 74, 1, 1, 0, 0, 0, 0, 0, 1, '2020-04-17 13:40:04', '2020-04-17 13:40:04'),
(156, 75, 1, 1, 0, 0, 0, 0, 0, 1, '2020-04-17 13:40:04', '2020-04-17 13:40:04'),
(157, 76, 1, 1, 0, 0, 0, 0, 0, 1, '2020-04-17 13:40:04', '2020-04-17 13:40:04'),
(158, 77, 1, 1, 0, 0, 0, 0, 0, 1, '2020-04-17 13:40:04', '2020-04-17 13:40:04'),
(159, 78, 1, 1, 0, 0, 0, 0, 0, 1, '2020-04-17 13:40:04', '2020-04-17 13:40:04'),
(160, 79, 1, 1, 0, 0, 0, 0, 0, 1, '2020-04-17 13:40:04', '2020-04-17 13:40:04'),
(161, 80, 1, 1, 0, 0, 0, 0, 0, 1, '2020-04-17 13:40:04', '2020-04-17 13:40:04'),
(162, 81, 1, 1, 0, 0, 0, 0, 0, 1, '2020-04-17 13:40:04', '2020-04-17 13:40:04'),
(169, 73, 100, 2, 0, 0, 0, 0, 0, 1, '2020-04-17 13:40:04', '2020-04-17 13:40:04'),
(170, 74, 100, 2, 0, 0, 0, 0, 0, 1, '2020-04-17 13:40:04', '2020-04-17 13:40:04'),
(171, 75, 100, 2, 0, 0, 0, 0, 0, 1, '2020-04-17 13:40:04', '2020-04-17 13:40:04'),
(172, 76, 100, 2, 0, 0, 0, 0, 0, 1, '2020-04-17 13:40:04', '2020-04-17 13:40:04'),
(173, 77, 100, 2, 0, 0, 0, 0, 0, 1, '2020-04-17 13:40:04', '2020-04-17 13:40:04'),
(174, 78, 100, 2, 0, 0, 0, 0, 0, 1, '2020-04-17 13:40:04', '2020-04-17 13:40:04'),
(175, 79, 100, 2, 0, 0, 0, 0, 0, 1, '2020-04-17 13:40:04', '2020-04-17 13:40:04'),
(176, 80, 100, 2, 0, 0, 0, 0, 0, 1, '2020-04-17 13:40:04', '2020-04-17 13:40:04'),
(177, 81, 100, 2, 0, 0, 0, 0, 0, 1, '2020-04-17 13:40:04', '2020-04-17 13:40:04'),
(183, 82, 1, 1, 0, 0, 0, 0, 0, 1, '2020-04-17 13:46:16', '2020-04-17 13:46:16'),
(184, 83, 1, 1, 0, 0, 0, 0, 0, 1, '2020-04-17 13:46:16', '2020-04-17 13:46:16'),
(185, 84, 1, 1, 0, 0, 0, 0, 0, 1, '2020-04-17 13:46:16', '2020-04-17 13:46:16'),
(186, 85, 1, 1, 0, 0, 0, 0, 0, 1, '2020-04-17 13:46:16', '2020-04-17 13:46:16'),
(187, 86, 1, 1, 0, 0, 0, 0, 0, 1, '2020-04-17 13:46:16', '2020-04-17 13:46:16'),
(188, 87, 1, 1, 0, 0, 0, 0, 0, 1, '2020-04-17 13:46:16', '2020-04-17 13:46:16'),
(189, 88, 1, 1, 0, 0, 0, 0, 0, 1, '2020-04-17 13:46:16', '2020-04-17 13:46:16'),
(190, 89, 1, 1, 0, 0, 0, 0, 0, 1, '2020-04-17 13:46:16', '2020-04-17 13:46:16'),
(191, 90, 1, 1, 0, 0, 0, 0, 0, 1, '2020-04-17 13:46:16', '2020-04-17 13:46:16'),
(192, 91, 1, 1, 0, 0, 0, 0, 0, 1, '2020-04-17 13:46:16', '2020-04-17 13:46:16'),
(193, 92, 1, 1, 0, 0, 0, 0, 0, 1, '2020-04-17 13:46:16', '2020-04-17 13:46:16'),
(194, 93, 1, 1, 0, 0, 0, 0, 0, 1, '2020-04-17 13:46:16', '2020-04-17 13:46:16'),
(195, 94, 1, 1, 0, 0, 0, 0, 0, 1, '2020-04-17 13:46:16', '2020-04-17 13:46:16'),
(196, 95, 1, 1, 0, 0, 0, 0, 0, 1, '2020-04-17 13:46:16', '2020-04-17 13:46:16'),
(197, 96, 1, 1, 0, 0, 0, 0, 0, 1, '2020-04-17 13:46:16', '2020-04-17 13:46:16'),
(198, 97, 1, 1, 0, 0, 0, 0, 0, 1, '2020-04-17 13:46:16', '2020-04-17 13:46:16'),
(199, 98, 1, 1, 0, 0, 0, 0, 0, 1, '2020-04-17 13:46:16', '2020-04-17 13:46:16'),
(200, 99, 1, 1, 0, 0, 0, 0, 0, 1, '2020-04-17 13:46:16', '2020-04-17 13:46:16'),
(201, 100, 1, 1, 0, 0, 0, 0, 0, 1, '2020-04-17 13:46:16', '2020-04-17 13:46:16'),
(214, 82, 100, 2, 0, 0, 0, 0, 0, 1, '2020-04-17 13:46:16', '2020-04-17 13:46:16'),
(215, 83, 100, 2, 0, 0, 0, 0, 0, 1, '2020-04-17 13:46:16', '2020-04-17 13:46:16'),
(216, 84, 100, 2, 0, 0, 0, 0, 0, 1, '2020-04-17 13:46:16', '2020-04-17 13:46:16'),
(217, 85, 100, 2, 0, 0, 0, 0, 0, 1, '2020-04-17 13:46:16', '2020-04-17 13:46:16'),
(218, 86, 100, 2, 0, 0, 0, 0, 0, 1, '2020-04-17 13:46:16', '2020-04-17 13:46:16'),
(219, 87, 100, 2, 0, 0, 0, 0, 0, 1, '2020-04-17 13:46:16', '2020-04-17 13:46:16'),
(220, 88, 100, 2, 0, 0, 0, 0, 0, 1, '2020-04-17 13:46:16', '2020-04-17 13:46:16'),
(221, 89, 100, 2, 0, 0, 0, 0, 0, 1, '2020-04-17 13:46:16', '2020-04-17 13:46:16'),
(222, 90, 100, 2, 0, 0, 0, 0, 0, 1, '2020-04-17 13:46:16', '2020-04-17 13:46:16'),
(223, 91, 100, 2, 0, 0, 0, 0, 0, 1, '2020-04-17 13:46:16', '2020-04-17 13:46:16'),
(224, 92, 100, 2, 0, 0, 0, 0, 0, 1, '2020-04-17 13:46:16', '2020-04-17 13:46:16'),
(225, 93, 100, 2, 0, 0, 0, 0, 0, 1, '2020-04-17 13:46:16', '2020-04-17 13:46:16'),
(226, 94, 100, 2, 0, 0, 0, 0, 0, 1, '2020-04-17 13:46:16', '2020-04-17 13:46:16'),
(227, 95, 100, 2, 0, 0, 0, 0, 0, 1, '2020-04-17 13:46:16', '2020-04-17 13:46:16'),
(228, 96, 100, 2, 0, 0, 0, 0, 0, 1, '2020-04-17 13:46:16', '2020-04-17 13:46:16'),
(229, 97, 100, 2, 0, 0, 0, 0, 0, 1, '2020-04-17 13:46:16', '2020-04-17 13:46:16'),
(230, 98, 100, 2, 0, 0, 0, 0, 0, 1, '2020-04-17 13:46:16', '2020-04-17 13:46:16'),
(231, 99, 100, 2, 0, 0, 0, 0, 0, 1, '2020-04-17 13:46:16', '2020-04-17 13:46:16'),
(232, 100, 100, 2, 0, 0, 0, 0, 0, 1, '2020-04-17 13:46:16', '2020-04-17 13:46:16'),
(245, 101, 1, 1, 0, 0, 0, 0, 0, 1, '2020-04-17 14:12:37', '2020-04-17 14:12:37'),
(246, 102, 1, 1, 0, 0, 0, 0, 0, 1, '2020-04-17 14:12:37', '2020-04-17 14:12:37'),
(247, 103, 1, 1, 0, 0, 0, 0, 0, 1, '2020-04-17 14:12:37', '2020-04-17 14:12:37'),
(248, 104, 1, 1, 0, 0, 0, 0, 0, 1, '2020-04-17 14:12:37', '2020-04-17 14:12:37'),
(249, 105, 1, 1, 0, 0, 0, 0, 0, 1, '2020-04-17 14:12:37', '2020-04-17 14:12:37'),
(250, 106, 1, 1, 0, 0, 0, 0, 0, 1, '2020-04-17 14:12:37', '2020-04-17 14:12:37'),
(251, 107, 1, 1, 0, 0, 0, 0, 0, 1, '2020-04-17 14:12:37', '2020-04-17 14:12:37'),
(252, 108, 1, 1, 0, 0, 0, 0, 0, 1, '2020-04-17 14:12:37', '2020-04-17 14:12:37'),
(253, 109, 1, 1, 0, 0, 0, 0, 0, 1, '2020-04-17 14:12:37', '2020-04-17 14:12:37'),
(254, 110, 1, 1, 0, 0, 0, 0, 0, 1, '2020-04-17 14:12:37', '2020-04-17 14:12:37'),
(260, 101, 100, 2, 0, 0, 0, 0, 0, 1, '2020-04-17 14:12:37', '2020-04-17 14:12:37'),
(261, 102, 100, 2, 0, 0, 0, 0, 0, 1, '2020-04-17 14:12:37', '2020-04-17 14:12:37'),
(262, 103, 100, 2, 0, 0, 0, 0, 0, 1, '2020-04-17 14:12:37', '2020-04-17 14:12:37'),
(263, 104, 100, 2, 0, 0, 0, 0, 0, 1, '2020-04-17 14:12:37', '2020-04-17 14:12:37'),
(264, 105, 100, 2, 0, 0, 0, 0, 0, 1, '2020-04-17 14:12:37', '2020-04-17 14:12:37'),
(265, 106, 100, 2, 0, 0, 0, 0, 0, 1, '2020-04-17 14:12:37', '2020-04-17 14:12:37'),
(266, 107, 100, 2, 0, 0, 0, 0, 0, 1, '2020-04-17 14:12:37', '2020-04-17 14:12:37'),
(267, 108, 100, 2, 0, 0, 0, 0, 0, 1, '2020-04-17 14:12:37', '2020-04-17 14:12:37'),
(268, 109, 100, 2, 0, 0, 0, 0, 0, 1, '2020-04-17 14:12:37', '2020-04-17 14:12:37'),
(269, 110, 100, 2, 0, 0, 0, 0, 0, 1, '2020-04-17 14:12:37', '2020-04-17 14:12:37'),
(275, 111, 1, 1, 0, 0, 0, 0, 0, 1, '2020-04-17 14:12:38', '2020-04-17 14:12:38'),
(276, 112, 1, 1, 0, 0, 0, 0, 0, 1, '2020-04-17 14:12:38', '2020-04-17 14:12:38'),
(277, 113, 1, 1, 0, 0, 0, 0, 0, 1, '2020-04-17 14:12:38', '2020-04-17 14:12:38'),
(278, 114, 1, 1, 0, 0, 0, 0, 0, 1, '2020-04-17 14:12:38', '2020-04-17 14:12:38'),
(279, 115, 1, 1, 0, 0, 0, 0, 0, 1, '2020-04-17 14:12:38', '2020-04-17 14:12:38'),
(280, 116, 1, 1, 0, 0, 0, 0, 0, 1, '2020-04-17 14:12:38', '2020-04-17 14:12:38'),
(281, 117, 1, 1, 0, 0, 0, 0, 0, 1, '2020-04-17 14:12:38', '2020-04-17 14:12:38'),
(282, 118, 1, 1, 0, 0, 0, 0, 0, 1, '2020-04-17 14:12:38', '2020-04-17 14:12:38'),
(283, 119, 1, 1, 0, 0, 0, 0, 0, 1, '2020-04-17 14:12:38', '2020-04-17 14:12:38'),
(284, 120, 1, 1, 0, 0, 0, 0, 0, 1, '2020-04-17 14:12:38', '2020-04-17 14:12:38'),
(285, 121, 1, 1, 0, 0, 0, 0, 0, 1, '2020-04-17 14:12:38', '2020-04-17 14:12:38'),
(286, 122, 1, 1, 0, 0, 0, 0, 0, 1, '2020-04-17 14:12:38', '2020-04-17 14:12:38'),
(287, 123, 1, 1, 0, 0, 0, 0, 0, 1, '2020-04-17 14:12:38', '2020-04-17 14:12:38'),
(288, 124, 1, 1, 0, 0, 0, 0, 0, 1, '2020-04-17 14:12:38', '2020-04-17 14:12:38'),
(289, 125, 1, 1, 0, 0, 0, 0, 0, 1, '2020-04-17 14:12:38', '2020-04-17 14:12:38'),
(290, 126, 1, 1, 0, 0, 0, 0, 0, 1, '2020-04-17 14:12:38', '2020-04-17 14:12:38'),
(291, 127, 1, 1, 0, 0, 0, 0, 0, 1, '2020-04-17 14:12:38', '2020-04-17 14:12:38'),
(292, 128, 1, 1, 0, 0, 0, 0, 0, 1, '2020-04-17 14:12:38', '2020-04-17 14:12:38'),
(293, 129, 1, 1, 0, 0, 0, 0, 0, 1, '2020-04-17 14:12:38', '2020-04-17 14:12:38'),
(306, 111, 100, 2, 0, 0, 0, 0, 0, 1, '2020-04-17 14:12:38', '2020-04-17 14:12:38'),
(307, 112, 100, 2, 0, 0, 0, 0, 0, 1, '2020-04-17 14:12:38', '2020-04-17 14:12:38'),
(308, 113, 100, 2, 0, 0, 0, 0, 0, 1, '2020-04-17 14:12:38', '2020-04-17 14:12:38'),
(309, 114, 100, 2, 0, 0, 0, 0, 0, 1, '2020-04-17 14:12:38', '2020-04-17 14:12:38'),
(310, 115, 100, 2, 0, 0, 0, 0, 0, 1, '2020-04-17 14:12:38', '2020-04-17 14:12:38'),
(311, 116, 100, 2, 0, 0, 0, 0, 0, 1, '2020-04-17 14:12:38', '2020-04-17 14:12:38'),
(312, 117, 100, 2, 0, 0, 0, 0, 0, 1, '2020-04-17 14:12:38', '2020-04-17 14:12:38'),
(313, 118, 100, 2, 0, 0, 0, 0, 0, 1, '2020-04-17 14:12:38', '2020-04-17 14:12:38'),
(314, 119, 100, 2, 0, 0, 0, 0, 0, 1, '2020-04-17 14:12:38', '2020-04-17 14:12:38'),
(315, 120, 100, 2, 0, 0, 0, 0, 0, 1, '2020-04-17 14:12:38', '2020-04-17 14:12:38'),
(316, 121, 100, 2, 0, 0, 0, 0, 0, 1, '2020-04-17 14:12:38', '2020-04-17 14:12:38'),
(317, 122, 100, 2, 0, 0, 0, 0, 0, 1, '2020-04-17 14:12:38', '2020-04-17 14:12:38'),
(318, 123, 100, 2, 0, 0, 0, 0, 0, 1, '2020-04-17 14:12:38', '2020-04-17 14:12:38'),
(319, 124, 100, 2, 0, 0, 0, 0, 0, 1, '2020-04-17 14:12:38', '2020-04-17 14:12:38'),
(320, 125, 100, 2, 0, 0, 0, 0, 0, 1, '2020-04-17 14:12:38', '2020-04-17 14:12:38'),
(321, 126, 100, 2, 0, 0, 0, 0, 0, 1, '2020-04-17 14:12:38', '2020-04-17 14:12:38'),
(322, 127, 100, 2, 0, 0, 0, 0, 0, 1, '2020-04-17 14:12:38', '2020-04-17 14:12:38'),
(323, 128, 100, 2, 0, 0, 0, 0, 0, 1, '2020-04-17 14:12:38', '2020-04-17 14:12:38'),
(324, 129, 100, 2, 0, 0, 0, 0, 0, 1, '2020-04-17 14:12:38', '2020-04-17 14:12:38'),
(337, 130, 1, 1, 0, 0, 0, 0, 0, 1, '2020-04-17 14:12:38', '2020-04-17 14:12:38'),
(338, 131, 1, 1, 0, 0, 0, 0, 0, 1, '2020-04-17 14:12:38', '2020-04-17 14:12:38'),
(339, 132, 1, 1, 0, 0, 0, 0, 0, 1, '2020-04-17 14:12:38', '2020-04-17 14:12:38'),
(340, 130, 100, 2, 0, 0, 0, 0, 0, 1, '2020-04-17 14:12:38', '2020-04-17 14:12:38'),
(341, 131, 100, 2, 0, 0, 0, 0, 0, 1, '2020-04-17 14:12:38', '2020-04-17 14:12:38'),
(342, 132, 100, 2, 0, 0, 0, 0, 0, 1, '2020-04-17 14:12:38', '2020-04-17 14:12:38'),
(343, 133, 1, 1, 0, 0, 0, 0, 0, 1, '2020-04-17 14:12:38', '2020-04-17 14:12:38'),
(344, 134, 1, 1, 0, 0, 0, 0, 0, 1, '2020-04-17 14:12:38', '2020-04-17 14:12:38'),
(345, 135, 1, 1, 0, 0, 0, 0, 0, 1, '2020-04-17 14:12:38', '2020-04-17 14:12:38'),
(346, 136, 1, 1, 0, 0, 0, 0, 0, 1, '2020-04-17 14:12:38', '2020-04-17 14:12:38'),
(347, 137, 1, 1, 0, 0, 0, 0, 0, 1, '2020-04-17 14:12:38', '2020-04-17 14:12:38'),
(348, 138, 1, 1, 0, 0, 0, 0, 0, 1, '2020-04-17 14:12:38', '2020-04-17 14:12:38'),
(350, 133, 100, 2, 0, 0, 0, 0, 0, 1, '2020-04-17 14:12:38', '2020-04-17 14:12:38'),
(351, 134, 100, 2, 0, 0, 0, 0, 0, 1, '2020-04-17 14:12:38', '2020-04-17 14:12:38'),
(352, 135, 100, 2, 0, 0, 0, 0, 0, 1, '2020-04-17 14:12:38', '2020-04-17 14:12:38'),
(353, 136, 100, 2, 0, 0, 0, 0, 0, 1, '2020-04-17 14:12:38', '2020-04-17 14:12:38'),
(354, 137, 100, 2, 0, 0, 0, 0, 0, 1, '2020-04-17 14:12:38', '2020-04-17 14:12:38'),
(355, 138, 100, 2, 0, 0, 0, 0, 0, 1, '2020-04-17 14:12:38', '2020-04-17 14:12:38'),
(357, 139, 1, 1, 0, 0, 0, 0, 0, 1, '2020-04-17 14:12:38', '2020-04-17 14:12:38'),
(358, 140, 1, 1, 0, 0, 0, 0, 0, 1, '2020-04-17 14:12:38', '2020-04-17 14:12:38'),
(359, 141, 1, 1, 0, 0, 0, 0, 0, 1, '2020-04-17 14:12:38', '2020-04-17 14:12:38'),
(360, 142, 1, 1, 0, 0, 0, 0, 0, 1, '2020-04-17 14:12:38', '2020-04-17 14:12:38'),
(364, 139, 100, 2, 0, 0, 0, 0, 0, 1, '2020-04-17 14:12:39', '2020-04-17 14:12:39'),
(365, 140, 100, 2, 0, 0, 0, 0, 0, 1, '2020-04-17 14:12:39', '2020-04-17 14:12:39'),
(366, 141, 100, 2, 0, 0, 0, 0, 0, 1, '2020-04-17 14:12:39', '2020-04-17 14:12:39'),
(367, 142, 100, 2, 0, 0, 0, 0, 0, 1, '2020-04-17 14:12:39', '2020-04-17 14:12:39'),
(371, 143, 1, 1, 0, 0, 0, 0, 0, 1, '2020-04-17 14:12:39', '2020-04-17 14:12:39'),
(372, 143, 100, 2, 0, 0, 0, 0, 0, 1, '2020-04-17 14:12:39', '2020-04-17 14:12:39'),
(373, 144, 1, 1, 0, 0, 0, 0, 0, 1, '2020-04-17 14:12:39', '2020-04-17 14:12:39'),
(374, 145, 1, 1, 0, 0, 0, 0, 0, 1, '2020-04-17 14:12:39', '2020-04-17 14:12:39'),
(375, 146, 1, 1, 0, 0, 0, 0, 0, 1, '2020-04-17 14:12:39', '2020-04-17 14:12:39'),
(376, 144, 100, 2, 0, 0, 0, 0, 0, 1, '2020-04-17 14:12:39', '2020-04-17 14:12:39'),
(377, 145, 100, 2, 0, 0, 0, 0, 0, 1, '2020-04-17 14:12:39', '2020-04-17 14:12:39'),
(378, 146, 100, 2, 0, 0, 0, 0, 0, 1, '2020-04-17 14:12:39', '2020-04-17 14:12:39'),
(379, 147, 1, 1, 0, 0, 0, 0, 0, 1, '2020-04-17 14:12:39', '2020-04-17 14:12:39'),
(380, 147, 100, 2, 0, 0, 0, 0, 0, 1, '2020-04-17 14:12:39', '2020-04-17 14:12:39'),
(381, 148, 1, 1, 0, 0, 0, 0, 0, 1, '2020-04-17 14:12:39', '2020-04-17 14:12:39'),
(382, 149, 1, 1, 0, 0, 0, 0, 0, 1, '2020-04-17 14:12:39', '2020-04-17 14:12:39'),
(384, 148, 100, 2, 0, 0, 0, 0, 0, 1, '2020-04-17 14:12:39', '2020-04-17 14:12:39'),
(385, 149, 100, 2, 0, 0, 0, 0, 0, 1, '2020-04-17 14:12:39', '2020-04-17 14:12:39'),
(387, 150, 1, 1, 0, 0, 0, 0, 0, 1, '2020-04-17 14:12:39', '2020-04-17 14:12:39'),
(388, 150, 100, 2, 0, 0, 0, 0, 0, 1, '2020-04-17 14:12:39', '2020-04-17 14:12:39'),
(389, 151, 1, 1, 0, 0, 0, 0, 0, 1, '2020-04-17 14:12:39', '2020-04-17 14:12:39'),
(390, 152, 1, 1, 0, 0, 0, 0, 0, 1, '2020-04-17 14:12:39', '2020-04-17 14:12:39'),
(391, 153, 1, 1, 0, 0, 0, 0, 0, 1, '2020-04-17 14:12:39', '2020-04-17 14:12:39'),
(392, 154, 1, 1, 0, 0, 0, 0, 0, 1, '2020-04-17 14:12:39', '2020-04-17 14:12:39'),
(393, 155, 1, 1, 0, 0, 0, 0, 0, 1, '2020-04-17 14:12:39', '2020-04-17 14:12:39'),
(394, 156, 1, 1, 0, 0, 0, 0, 0, 1, '2020-04-17 14:12:39', '2020-04-17 14:12:39'),
(395, 157, 1, 1, 0, 0, 0, 0, 0, 1, '2020-04-17 14:12:39', '2020-04-17 14:12:39'),
(396, 158, 1, 1, 0, 0, 0, 0, 0, 1, '2020-04-17 14:12:39', '2020-04-17 14:12:39'),
(397, 159, 1, 1, 0, 0, 0, 0, 0, 1, '2020-04-17 14:12:39', '2020-04-17 14:12:39'),
(398, 160, 1, 1, 0, 0, 0, 0, 0, 1, '2020-04-17 14:12:39', '2020-04-17 14:12:39'),
(399, 161, 1, 1, 0, 0, 0, 0, 0, 1, '2020-04-17 14:12:39', '2020-04-17 14:12:39'),
(400, 162, 1, 1, 0, 0, 0, 0, 0, 1, '2020-04-17 14:12:39', '2020-04-17 14:12:39'),
(401, 163, 1, 1, 0, 0, 0, 0, 0, 1, '2020-04-17 14:12:39', '2020-04-17 14:12:39'),
(402, 164, 1, 1, 0, 0, 0, 0, 0, 1, '2020-04-17 14:12:39', '2020-04-17 14:12:39'),
(403, 165, 1, 1, 0, 0, 0, 0, 0, 1, '2020-04-17 14:12:39', '2020-04-17 14:12:39'),
(404, 166, 1, 1, 0, 0, 0, 0, 0, 1, '2020-04-17 14:12:39', '2020-04-17 14:12:39'),
(405, 167, 1, 1, 0, 0, 0, 0, 0, 1, '2020-04-17 14:12:39', '2020-04-17 14:12:39'),
(406, 168, 1, 1, 0, 0, 0, 0, 0, 1, '2020-04-17 14:12:39', '2020-04-17 14:12:39'),
(407, 169, 1, 1, 0, 0, 0, 0, 0, 1, '2020-04-17 14:12:39', '2020-04-17 14:12:39'),
(420, 151, 100, 2, 0, 0, 0, 0, 0, 1, '2020-04-17 14:12:40', '2020-04-17 14:12:40'),
(421, 152, 100, 2, 0, 0, 0, 0, 0, 1, '2020-04-17 14:12:40', '2020-04-17 14:12:40'),
(422, 153, 100, 2, 0, 0, 0, 0, 0, 1, '2020-04-17 14:12:40', '2020-04-17 14:12:40'),
(423, 154, 100, 2, 0, 0, 0, 0, 0, 1, '2020-04-17 14:12:40', '2020-04-17 14:12:40'),
(424, 155, 100, 2, 0, 0, 0, 0, 0, 1, '2020-04-17 14:12:40', '2020-04-17 14:12:40'),
(425, 156, 100, 2, 0, 0, 0, 0, 0, 1, '2020-04-17 14:12:40', '2020-04-17 14:12:40'),
(426, 157, 100, 2, 0, 0, 0, 0, 0, 1, '2020-04-17 14:12:40', '2020-04-17 14:12:40'),
(427, 158, 100, 2, 0, 0, 0, 0, 0, 1, '2020-04-17 14:12:40', '2020-04-17 14:12:40'),
(428, 159, 100, 2, 0, 0, 0, 0, 0, 1, '2020-04-17 14:12:40', '2020-04-17 14:12:40'),
(429, 160, 100, 2, 0, 0, 0, 0, 0, 1, '2020-04-17 14:12:40', '2020-04-17 14:12:40'),
(430, 161, 100, 2, 0, 0, 0, 0, 0, 1, '2020-04-17 14:12:40', '2020-04-17 14:12:40'),
(431, 162, 100, 2, 0, 0, 0, 0, 0, 1, '2020-04-17 14:12:40', '2020-04-17 14:12:40'),
(432, 163, 100, 2, 0, 0, 0, 0, 0, 1, '2020-04-17 14:12:40', '2020-04-17 14:12:40'),
(433, 164, 100, 2, 0, 0, 0, 0, 0, 1, '2020-04-17 14:12:40', '2020-04-17 14:12:40'),
(434, 165, 100, 2, 0, 0, 0, 0, 0, 1, '2020-04-17 14:12:40', '2020-04-17 14:12:40'),
(435, 166, 100, 2, 0, 0, 0, 0, 0, 1, '2020-04-17 14:12:40', '2020-04-17 14:12:40'),
(436, 167, 100, 2, 0, 0, 0, 0, 0, 1, '2020-04-17 14:12:40', '2020-04-17 14:12:40'),
(437, 168, 100, 2, 0, 0, 0, 0, 0, 1, '2020-04-17 14:12:40', '2020-04-17 14:12:40'),
(438, 169, 100, 2, 0, 0, 0, 0, 0, 1, '2020-04-17 14:12:40', '2020-04-17 14:12:40'),
(451, 170, 1, 1, 0, 0, 0, 0, 0, 1, '2020-04-17 14:12:40', '2020-04-17 14:12:40'),
(452, 170, 100, 2, 0, 0, 0, 0, 0, 1, '2020-04-17 14:12:40', '2020-04-17 14:12:40'),
(453, 171, 1, 1, 0, 0, 0, 0, 0, 1, '2020-04-17 14:12:40', '2020-04-17 14:12:40'),
(454, 172, 1, 1, 0, 0, 0, 0, 0, 1, '2020-04-17 14:12:40', '2020-04-17 14:12:40'),
(456, 171, 100, 2, 0, 0, 0, 0, 0, 1, '2020-04-17 14:12:40', '2020-04-17 14:12:40'),
(457, 172, 100, 2, 0, 0, 0, 0, 0, 1, '2020-04-17 14:12:40', '2020-04-17 14:12:40'),
(459, 173, 1, 1, 0, 0, 0, 0, 0, 1, '2020-04-17 14:12:40', '2020-04-17 14:12:40'),
(460, 174, 1, 1, 0, 0, 0, 0, 0, 1, '2020-04-17 14:12:40', '2020-04-17 14:12:40'),
(461, 175, 1, 1, 0, 0, 0, 0, 0, 1, '2020-04-17 14:12:40', '2020-04-17 14:12:40'),
(462, 176, 1, 1, 0, 0, 0, 0, 0, 1, '2020-04-17 14:12:40', '2020-04-17 14:12:40'),
(466, 173, 100, 2, 0, 0, 0, 0, 0, 1, '2020-04-17 14:12:40', '2020-04-17 14:12:40'),
(467, 174, 100, 2, 0, 0, 0, 0, 0, 1, '2020-04-17 14:12:40', '2020-04-17 14:12:40'),
(468, 175, 100, 2, 0, 0, 0, 0, 0, 1, '2020-04-17 14:12:40', '2020-04-17 14:12:40'),
(469, 176, 100, 2, 0, 0, 0, 0, 0, 1, '2020-04-17 14:12:40', '2020-04-17 14:12:40'),
(473, 177, 1, 1, 0, 0, 0, 0, 0, 1, '2020-04-17 14:15:11', '2020-04-17 14:15:11'),
(474, 177, 100, 2, 0, 0, 0, 0, 0, 1, '2020-04-17 14:15:11', '2020-04-17 14:15:11'),
(475, 178, 1, 1, 0, 0, 0, 0, 0, 1, '2020-04-17 14:15:52', '2020-04-17 14:15:52'),
(476, 178, 100, 2, 0, 0, 0, 0, 0, 1, '2020-04-17 14:15:52', '2020-04-17 14:15:52'),
(477, 179, 1, 1, 0, 0, 0, 0, 0, 1, '2020-04-18 06:21:10', '2020-04-18 06:21:10'),
(478, 180, 1, 1, 0, 0, 0, 0, 0, 1, '2020-04-18 06:21:10', '2020-04-18 06:21:10'),
(479, 181, 1, 1, 0, 0, 0, 0, 0, 1, '2020-04-18 06:21:10', '2020-04-18 06:21:10'),
(480, 182, 1, 1, 0, 0, 0, 0, 0, 1, '2020-04-18 06:21:10', '2020-04-18 06:21:10'),
(481, 183, 1, 1, 0, 0, 0, 0, 0, 1, '2020-04-18 06:21:10', '2020-04-18 06:21:10'),
(482, 184, 1, 1, 0, 0, 0, 0, 0, 1, '2020-04-18 06:21:10', '2020-04-18 06:21:10'),
(483, 185, 1, 1, 0, 0, 0, 0, 0, 1, '2020-04-18 06:21:10', '2020-04-18 06:21:10'),
(484, 186, 1, 1, 0, 0, 0, 0, 0, 1, '2020-04-18 06:21:10', '2020-04-18 06:21:10'),
(485, 187, 1, 1, 0, 0, 0, 0, 0, 1, '2020-04-18 06:21:10', '2020-04-18 06:21:10'),
(492, 179, 100, 2, 0, 0, 0, 0, 0, 1, '2020-04-18 06:21:10', '2020-04-18 06:21:10'),
(493, 180, 100, 2, 0, 0, 0, 0, 0, 1, '2020-04-18 06:21:10', '2020-04-18 06:21:10'),
(494, 181, 100, 2, 0, 0, 0, 0, 0, 1, '2020-04-18 06:21:10', '2020-04-18 06:21:10'),
(495, 182, 100, 2, 0, 0, 0, 0, 0, 1, '2020-04-18 06:21:10', '2020-04-18 06:21:10'),
(496, 183, 100, 2, 0, 0, 0, 0, 0, 1, '2020-04-18 06:21:10', '2020-04-18 06:21:10'),
(497, 184, 100, 2, 0, 0, 0, 0, 0, 1, '2020-04-18 06:21:10', '2020-04-18 06:21:10'),
(498, 185, 100, 2, 0, 0, 0, 0, 0, 1, '2020-04-18 06:21:10', '2020-04-18 06:21:10'),
(499, 186, 100, 2, 0, 0, 0, 0, 0, 1, '2020-04-18 06:21:10', '2020-04-18 06:21:10'),
(500, 187, 100, 2, 0, 0, 0, 0, 0, 1, '2020-04-18 06:21:10', '2020-04-18 06:21:10'),
(507, 188, 1, 1, 0, 0, 0, 0, 0, 1, '2020-04-18 06:23:33', '2020-04-18 06:23:33'),
(508, 189, 1, 1, 0, 0, 0, 0, 0, 1, '2020-04-18 06:23:33', '2020-04-18 06:23:33'),
(510, 188, 100, 2, 0, 0, 0, 0, 0, 1, '2020-04-18 06:23:33', '2020-04-18 06:23:33'),
(511, 189, 100, 2, 0, 0, 0, 0, 0, 1, '2020-04-18 06:23:33', '2020-04-18 06:23:33'),
(513, 190, 1, 1, 0, 0, 0, 0, 0, 1, '2020-04-18 06:23:33', '2020-04-18 06:23:33'),
(514, 191, 1, 1, 0, 0, 0, 0, 0, 1, '2020-04-18 06:23:33', '2020-04-18 06:23:33'),
(516, 190, 100, 2, 0, 0, 0, 0, 0, 1, '2020-04-18 06:23:33', '2020-04-18 06:23:33'),
(517, 191, 100, 2, 0, 0, 0, 0, 0, 1, '2020-04-18 06:23:33', '2020-04-18 06:23:33'),
(519, 192, 1, 1, 0, 0, 0, 0, 0, 1, '2020-04-18 06:23:34', '2020-04-18 06:23:34'),
(520, 193, 1, 1, 0, 0, 0, 0, 0, 1, '2020-04-18 06:23:34', '2020-04-18 06:23:34'),
(522, 192, 100, 2, 0, 0, 0, 0, 0, 1, '2020-04-18 06:23:34', '2020-04-18 06:23:34'),
(523, 193, 100, 2, 0, 0, 0, 0, 0, 1, '2020-04-18 06:23:34', '2020-04-18 06:23:34'),
(525, 194, 1, 1, 0, 0, 0, 0, 0, 1, '2020-04-18 06:23:34', '2020-04-18 06:23:34'),
(526, 194, 100, 2, 0, 0, 0, 0, 0, 1, '2020-04-18 06:23:34', '2020-04-18 06:23:34'),
(527, 195, 1, 1, 0, 0, 0, 0, 0, 1, '2020-04-18 06:23:34', '2020-04-18 06:23:34'),
(528, 196, 1, 1, 0, 0, 0, 0, 0, 1, '2020-04-18 06:23:34', '2020-04-18 06:23:34'),
(530, 195, 100, 2, 0, 0, 0, 0, 0, 1, '2020-04-18 06:23:34', '2020-04-18 06:23:34'),
(531, 196, 100, 2, 0, 0, 0, 0, 0, 1, '2020-04-18 06:23:34', '2020-04-18 06:23:34'),
(533, 197, 1, 1, 0, 0, 0, 0, 0, 1, '2020-04-18 06:23:34', '2020-04-18 06:23:34'),
(534, 198, 1, 1, 0, 0, 0, 0, 0, 1, '2020-04-18 06:23:34', '2020-04-18 06:23:34'),
(536, 197, 100, 2, 0, 0, 0, 0, 0, 1, '2020-04-18 06:23:34', '2020-04-18 06:23:34'),
(537, 198, 100, 2, 0, 0, 0, 0, 0, 1, '2020-04-18 06:23:34', '2020-04-18 06:23:34'),
(539, 199, 1, 1, 0, 0, 0, 0, 0, 1, '2020-04-18 06:23:34', '2020-04-18 06:23:34'),
(540, 200, 1, 1, 0, 0, 0, 0, 0, 1, '2020-04-18 06:23:34', '2020-04-18 06:23:34'),
(541, 201, 1, 1, 0, 0, 0, 0, 0, 1, '2020-04-18 06:23:34', '2020-04-18 06:23:34'),
(542, 199, 100, 2, 0, 0, 0, 0, 0, 1, '2020-04-18 06:23:35', '2020-04-18 06:23:35'),
(543, 200, 100, 2, 0, 0, 0, 0, 0, 1, '2020-04-18 06:23:35', '2020-04-18 06:23:35'),
(544, 201, 100, 2, 0, 0, 0, 0, 0, 1, '2020-04-18 06:23:35', '2020-04-18 06:23:35'),
(545, 202, 1, 1, 0, 0, 0, 0, 0, 1, '2020-04-18 06:23:35', '2020-04-18 06:23:35'),
(546, 203, 1, 1, 0, 0, 0, 0, 0, 1, '2020-04-18 06:23:35', '2020-04-18 06:23:35'),
(547, 204, 1, 1, 0, 0, 0, 0, 0, 1, '2020-04-18 06:23:35', '2020-04-18 06:23:35'),
(548, 205, 1, 1, 0, 0, 0, 0, 0, 1, '2020-04-18 06:23:35', '2020-04-18 06:23:35'),
(549, 206, 1, 1, 0, 0, 0, 0, 0, 1, '2020-04-18 06:23:35', '2020-04-18 06:23:35'),
(550, 207, 1, 1, 0, 0, 0, 0, 0, 1, '2020-04-18 06:23:35', '2020-04-18 06:23:35'),
(552, 202, 100, 2, 0, 0, 0, 0, 0, 1, '2020-04-18 06:23:35', '2020-04-18 06:23:35'),
(553, 203, 100, 2, 0, 0, 0, 0, 0, 1, '2020-04-18 06:23:35', '2020-04-18 06:23:35'),
(554, 204, 100, 2, 0, 0, 0, 0, 0, 1, '2020-04-18 06:23:35', '2020-04-18 06:23:35'),
(555, 205, 100, 2, 0, 0, 0, 0, 0, 1, '2020-04-18 06:23:35', '2020-04-18 06:23:35'),
(556, 206, 100, 2, 0, 0, 0, 0, 0, 1, '2020-04-18 06:23:35', '2020-04-18 06:23:35'),
(557, 207, 100, 2, 0, 0, 0, 0, 0, 1, '2020-04-18 06:23:35', '2020-04-18 06:23:35'),
(559, 208, 1, 1, 0, 0, 0, 0, 0, 1, '2020-04-18 06:23:35', '2020-04-18 06:23:35'),
(560, 208, 100, 2, 0, 0, 0, 0, 0, 1, '2020-04-18 06:23:35', '2020-04-18 06:23:35'),
(561, 209, 1, 1, 0, 0, 0, 0, 0, 1, '2020-04-18 06:26:38', '2020-04-18 06:26:38'),
(562, 209, 100, 2, 0, 0, 0, 0, 0, 1, '2020-04-18 06:26:38', '2020-04-18 06:26:38'),
(563, 210, 1, 1, 0, 0, 0, 0, 0, 1, '2020-04-18 06:26:38', '2020-04-18 06:26:38'),
(564, 211, 1, 1, 0, 0, 0, 0, 0, 1, '2020-04-18 06:26:38', '2020-04-18 06:26:38'),
(566, 210, 100, 2, 0, 0, 0, 0, 0, 1, '2020-04-18 06:26:38', '2020-04-18 06:26:38'),
(567, 211, 100, 2, 0, 0, 0, 0, 0, 1, '2020-04-18 06:26:38', '2020-04-18 06:26:38'),
(569, 212, 1, 1, 0, 0, 0, 0, 0, 1, '2020-04-18 06:26:38', '2020-04-18 06:26:38'),
(570, 213, 1, 1, 0, 0, 0, 0, 0, 1, '2020-04-18 06:26:38', '2020-04-18 06:26:38'),
(572, 212, 100, 2, 0, 0, 0, 0, 0, 1, '2020-04-18 06:26:39', '2020-04-18 06:26:39'),
(573, 213, 100, 2, 0, 0, 0, 0, 0, 1, '2020-04-18 06:26:39', '2020-04-18 06:26:39'),
(575, 214, 1, 1, 0, 0, 0, 0, 0, 1, '2020-04-18 06:26:39', '2020-04-18 06:26:39'),
(576, 214, 100, 2, 0, 0, 0, 0, 0, 1, '2020-04-18 06:26:39', '2020-04-18 06:26:39'),
(577, 215, 1, 1, 0, 0, 0, 0, 0, 1, '2020-04-18 06:26:39', '2020-04-18 06:26:39'),
(578, 216, 1, 1, 0, 0, 0, 0, 0, 1, '2020-04-18 06:26:39', '2020-04-18 06:26:39'),
(579, 217, 1, 1, 0, 0, 0, 0, 0, 1, '2020-04-18 06:26:39', '2020-04-18 06:26:39'),
(580, 218, 1, 1, 0, 0, 0, 0, 0, 1, '2020-04-18 06:26:39', '2020-04-18 06:26:39'),
(584, 215, 100, 2, 0, 0, 0, 0, 0, 1, '2020-04-18 06:26:39', '2020-04-18 06:26:39'),
(585, 216, 100, 2, 0, 0, 0, 0, 0, 1, '2020-04-18 06:26:39', '2020-04-18 06:26:39'),
(586, 217, 100, 2, 0, 0, 0, 0, 0, 1, '2020-04-18 06:26:39', '2020-04-18 06:26:39'),
(587, 218, 100, 2, 0, 0, 0, 0, 0, 1, '2020-04-18 06:26:39', '2020-04-18 06:26:39'),
(591, 219, 1, 1, 0, 0, 0, 0, 0, 1, '2020-04-18 06:26:39', '2020-04-18 06:26:39'),
(592, 220, 1, 1, 0, 0, 0, 0, 0, 1, '2020-04-18 06:26:39', '2020-04-18 06:26:39'),
(594, 219, 100, 2, 0, 0, 0, 0, 0, 1, '2020-04-18 06:26:39', '2020-04-18 06:26:39'),
(595, 220, 100, 2, 0, 0, 0, 0, 0, 1, '2020-04-18 06:26:39', '2020-04-18 06:26:39'),
(597, 221, 1, 1, 0, 0, 0, 0, 0, 1, '2020-04-18 06:26:39', '2020-04-18 06:26:39'),
(598, 221, 100, 2, 0, 0, 0, 0, 0, 1, '2020-04-18 06:26:39', '2020-04-18 06:26:39'),
(599, 222, 1, 1, 0, 0, 0, 0, 0, 1, '2020-04-18 06:26:40', '2020-04-18 06:26:40'),
(600, 223, 1, 1, 0, 0, 0, 0, 0, 1, '2020-04-18 06:26:40', '2020-04-18 06:26:40'),
(602, 222, 100, 2, 0, 0, 0, 0, 0, 1, '2020-04-18 06:26:40', '2020-04-18 06:26:40'),
(603, 223, 100, 2, 0, 0, 0, 0, 0, 1, '2020-04-18 06:26:40', '2020-04-18 06:26:40'),
(605, 224, 1, 1, 0, 0, 0, 0, 0, 1, '2020-04-18 06:26:40', '2020-04-18 06:26:40'),
(606, 224, 100, 2, 0, 0, 0, 0, 0, 1, '2020-04-18 06:26:40', '2020-04-18 06:26:40'),
(607, 225, 1, 1, 0, 0, 0, 0, 0, 1, '2020-04-18 06:26:40', '2020-04-18 06:26:40'),
(608, 226, 1, 1, 0, 0, 0, 0, 0, 1, '2020-04-18 06:26:40', '2020-04-18 06:26:40'),
(609, 227, 1, 1, 0, 0, 0, 0, 0, 1, '2020-04-18 06:26:40', '2020-04-18 06:26:40'),
(610, 228, 1, 1, 0, 0, 0, 0, 0, 1, '2020-04-18 06:26:40', '2020-04-18 06:26:40'),
(614, 225, 100, 2, 0, 0, 0, 0, 0, 1, '2020-04-18 06:26:40', '2020-04-18 06:26:40'),
(615, 226, 100, 2, 0, 0, 0, 0, 0, 1, '2020-04-18 06:26:40', '2020-04-18 06:26:40'),
(616, 227, 100, 2, 0, 0, 0, 0, 0, 1, '2020-04-18 06:26:40', '2020-04-18 06:26:40'),
(617, 228, 100, 2, 0, 0, 0, 0, 0, 1, '2020-04-18 06:26:40', '2020-04-18 06:26:40'),
(621, 229, 1, 1, 0, 0, 0, 0, 0, 1, '2020-04-18 06:26:40', '2020-04-18 06:26:40'),
(622, 230, 1, 1, 0, 0, 0, 0, 0, 1, '2020-04-18 06:26:40', '2020-04-18 06:26:40'),
(624, 229, 100, 2, 0, 0, 0, 0, 0, 1, '2020-04-18 06:26:40', '2020-04-18 06:26:40'),
(625, 230, 100, 2, 0, 0, 0, 0, 0, 1, '2020-04-18 06:26:40', '2020-04-18 06:26:40'),
(627, 231, 1, 1, 0, 0, 0, 0, 0, 1, '2020-04-18 06:26:41', '2020-04-18 06:26:41'),
(628, 232, 1, 1, 0, 0, 0, 0, 0, 1, '2020-04-18 06:26:41', '2020-04-18 06:26:41'),
(629, 233, 1, 1, 0, 0, 0, 0, 0, 1, '2020-04-18 06:26:41', '2020-04-18 06:26:41'),
(630, 234, 1, 1, 0, 0, 0, 0, 0, 1, '2020-04-18 06:26:41', '2020-04-18 06:26:41'),
(634, 231, 100, 2, 0, 0, 0, 0, 0, 1, '2020-04-18 06:26:41', '2020-04-18 06:26:41'),
(635, 232, 100, 2, 0, 0, 0, 0, 0, 1, '2020-04-18 06:26:41', '2020-04-18 06:26:41'),
(636, 233, 100, 2, 0, 0, 0, 0, 0, 1, '2020-04-18 06:26:41', '2020-04-18 06:26:41'),
(637, 234, 100, 2, 0, 0, 0, 0, 0, 1, '2020-04-18 06:26:41', '2020-04-18 06:26:41'),
(641, 235, 1, 1, 0, 0, 0, 0, 0, 1, '2020-04-18 06:26:41', '2020-04-18 06:26:41'),
(642, 236, 1, 1, 0, 0, 0, 0, 0, 1, '2020-04-18 06:26:41', '2020-04-18 06:26:41'),
(643, 237, 1, 1, 0, 0, 0, 0, 0, 1, '2020-04-18 06:26:41', '2020-04-18 06:26:41'),
(644, 238, 1, 1, 0, 0, 0, 0, 0, 1, '2020-04-18 06:26:41', '2020-04-18 06:26:41'),
(645, 239, 1, 1, 0, 0, 0, 0, 0, 1, '2020-04-18 06:26:41', '2020-04-18 06:26:41'),
(648, 235, 100, 2, 0, 0, 0, 0, 0, 1, '2020-04-18 06:26:41', '2020-04-18 06:26:41'),
(649, 236, 100, 2, 0, 0, 0, 0, 0, 1, '2020-04-18 06:26:41', '2020-04-18 06:26:41'),
(650, 237, 100, 2, 0, 0, 0, 0, 0, 1, '2020-04-18 06:26:41', '2020-04-18 06:26:41'),
(651, 238, 100, 2, 0, 0, 0, 0, 0, 1, '2020-04-18 06:26:41', '2020-04-18 06:26:41'),
(652, 239, 100, 2, 0, 0, 0, 0, 0, 1, '2020-04-18 06:26:41', '2020-04-18 06:26:41'),
(655, 240, 1, 1, 0, 0, 0, 0, 0, 1, '2020-04-18 06:26:41', '2020-04-18 06:26:41'),
(656, 240, 100, 2, 0, 0, 0, 0, 0, 1, '2020-04-18 06:26:41', '2020-04-18 06:26:41'),
(657, 241, 1, 1, 0, 0, 0, 0, 0, 1, '2020-04-18 06:26:41', '2020-04-18 06:26:41'),
(658, 241, 100, 2, 0, 0, 0, 0, 0, 1, '2020-04-18 06:26:41', '2020-04-18 06:26:41'),
(659, 242, 1, 1, 0, 0, 0, 0, 0, 1, '2020-04-18 06:26:41', '2020-04-18 06:26:41'),
(660, 243, 1, 1, 0, 0, 0, 0, 0, 1, '2020-04-18 06:26:41', '2020-04-18 06:26:41'),
(662, 242, 100, 2, 0, 0, 0, 0, 0, 1, '2020-04-18 06:26:41', '2020-04-18 06:26:41'),
(663, 243, 100, 2, 0, 0, 0, 0, 0, 1, '2020-04-18 06:26:41', '2020-04-18 06:26:41'),
(665, 244, 1, 1, 0, 0, 0, 0, 0, 1, '2020-04-18 06:29:05', '2020-04-18 06:29:05'),
(666, 245, 1, 1, 0, 0, 0, 0, 0, 1, '2020-04-18 06:29:05', '2020-04-18 06:29:05'),
(667, 246, 1, 1, 0, 0, 0, 0, 0, 1, '2020-04-18 06:29:05', '2020-04-18 06:29:05'),
(668, 247, 1, 1, 0, 0, 0, 0, 0, 1, '2020-04-18 06:29:05', '2020-04-18 06:29:05'),
(672, 244, 100, 2, 0, 0, 0, 0, 0, 1, '2020-04-18 06:29:05', '2020-04-18 06:29:05'),
(673, 245, 100, 2, 0, 0, 0, 0, 0, 1, '2020-04-18 06:29:05', '2020-04-18 06:29:05'),
(674, 246, 100, 2, 0, 0, 0, 0, 0, 1, '2020-04-18 06:29:05', '2020-04-18 06:29:05'),
(675, 247, 100, 2, 0, 0, 0, 0, 0, 1, '2020-04-18 06:29:05', '2020-04-18 06:29:05'),
(679, 248, 1, 1, 0, 0, 0, 0, 0, 1, '2020-04-18 06:29:05', '2020-04-18 06:29:05'),
(680, 249, 1, 1, 0, 0, 0, 0, 0, 1, '2020-04-18 06:29:05', '2020-04-18 06:29:05'),
(681, 250, 1, 1, 0, 0, 0, 0, 0, 1, '2020-04-18 06:29:05', '2020-04-18 06:29:05'),
(682, 251, 1, 1, 0, 0, 0, 0, 0, 1, '2020-04-18 06:29:05', '2020-04-18 06:29:05'),
(683, 252, 1, 1, 0, 0, 0, 0, 0, 1, '2020-04-18 06:29:05', '2020-04-18 06:29:05'),
(684, 253, 1, 1, 0, 0, 0, 0, 0, 1, '2020-04-18 06:29:05', '2020-04-18 06:29:05'),
(685, 254, 1, 1, 0, 0, 0, 0, 0, 1, '2020-04-18 06:29:05', '2020-04-18 06:29:05'),
(686, 255, 1, 1, 0, 0, 0, 0, 0, 1, '2020-04-18 06:29:05', '2020-04-18 06:29:05'),
(687, 256, 1, 1, 0, 0, 0, 0, 0, 1, '2020-04-18 06:29:05', '2020-04-18 06:29:05'),
(694, 248, 100, 2, 0, 0, 0, 0, 0, 1, '2020-04-18 06:29:06', '2020-04-18 06:29:06'),
(695, 249, 100, 2, 0, 0, 0, 0, 0, 1, '2020-04-18 06:29:06', '2020-04-18 06:29:06'),
(696, 250, 100, 2, 0, 0, 0, 0, 0, 1, '2020-04-18 06:29:06', '2020-04-18 06:29:06'),
(697, 251, 100, 2, 0, 0, 0, 0, 0, 1, '2020-04-18 06:29:06', '2020-04-18 06:29:06'),
(698, 252, 100, 2, 0, 0, 0, 0, 0, 1, '2020-04-18 06:29:06', '2020-04-18 06:29:06'),
(699, 253, 100, 2, 0, 0, 0, 0, 0, 1, '2020-04-18 06:29:06', '2020-04-18 06:29:06'),
(700, 254, 100, 2, 0, 0, 0, 0, 0, 1, '2020-04-18 06:29:06', '2020-04-18 06:29:06'),
(701, 255, 100, 2, 0, 0, 0, 0, 0, 1, '2020-04-18 06:29:06', '2020-04-18 06:29:06'),
(702, 256, 100, 2, 0, 0, 0, 0, 0, 1, '2020-04-18 06:29:06', '2020-04-18 06:29:06'),
(709, 257, 1, 1, 0, 0, 0, 0, 0, 1, '2020-04-18 06:29:06', '2020-04-18 06:29:06'),
(710, 258, 1, 1, 0, 0, 0, 0, 0, 1, '2020-04-18 06:29:06', '2020-04-18 06:29:06'),
(711, 259, 1, 1, 0, 0, 0, 0, 0, 1, '2020-04-18 06:29:06', '2020-04-18 06:29:06'),
(712, 260, 1, 1, 0, 0, 0, 0, 0, 1, '2020-04-18 06:29:06', '2020-04-18 06:29:06'),
(713, 261, 1, 1, 0, 0, 0, 0, 0, 1, '2020-04-18 06:29:06', '2020-04-18 06:29:06'),
(714, 262, 1, 1, 0, 0, 0, 0, 0, 1, '2020-04-18 06:29:06', '2020-04-18 06:29:06'),
(716, 257, 100, 2, 0, 0, 0, 0, 0, 1, '2020-04-18 06:29:06', '2020-04-18 06:29:06'),
(717, 258, 100, 2, 0, 0, 0, 0, 0, 1, '2020-04-18 06:29:06', '2020-04-18 06:29:06'),
(718, 259, 100, 2, 0, 0, 0, 0, 0, 1, '2020-04-18 06:29:06', '2020-04-18 06:29:06'),
(719, 260, 100, 2, 0, 0, 0, 0, 0, 1, '2020-04-18 06:29:06', '2020-04-18 06:29:06'),
(720, 261, 100, 2, 0, 0, 0, 0, 0, 1, '2020-04-18 06:29:06', '2020-04-18 06:29:06'),
(721, 262, 100, 2, 0, 0, 0, 0, 0, 1, '2020-04-18 06:29:06', '2020-04-18 06:29:06'),
(723, 263, 1, 1, 0, 0, 0, 0, 0, 1, '2020-04-18 06:29:06', '2020-04-18 06:29:06'),
(724, 264, 1, 1, 0, 0, 0, 0, 0, 1, '2020-04-18 06:29:06', '2020-04-18 06:29:06'),
(725, 265, 1, 1, 0, 0, 0, 0, 0, 1, '2020-04-18 06:29:06', '2020-04-18 06:29:06'),
(726, 266, 1, 1, 0, 0, 0, 0, 0, 1, '2020-04-18 06:29:06', '2020-04-18 06:29:06'),
(730, 263, 100, 2, 0, 0, 0, 0, 0, 1, '2020-04-18 06:29:06', '2020-04-18 06:29:06'),
(731, 264, 100, 2, 0, 0, 0, 0, 0, 1, '2020-04-18 06:29:06', '2020-04-18 06:29:06'),
(732, 265, 100, 2, 0, 0, 0, 0, 0, 1, '2020-04-18 06:29:06', '2020-04-18 06:29:06'),
(733, 266, 100, 2, 0, 0, 0, 0, 0, 1, '2020-04-18 06:29:06', '2020-04-18 06:29:06'),
(737, 267, 1, 1, 0, 0, 0, 0, 0, 1, '2020-04-18 06:29:06', '2020-04-18 06:29:06'),
(738, 268, 1, 1, 0, 0, 0, 0, 0, 1, '2020-04-18 06:29:06', '2020-04-18 06:29:06'),
(739, 269, 1, 1, 0, 0, 0, 0, 0, 1, '2020-04-18 06:29:06', '2020-04-18 06:29:06'),
(740, 267, 100, 2, 0, 0, 0, 0, 0, 1, '2020-04-18 06:29:06', '2020-04-18 06:29:06'),
(741, 268, 100, 2, 0, 0, 0, 0, 0, 1, '2020-04-18 06:29:06', '2020-04-18 06:29:06'),
(742, 269, 100, 2, 0, 0, 0, 0, 0, 1, '2020-04-18 06:29:06', '2020-04-18 06:29:06'),
(743, 282, 1, 1, 0, 0, 0, 0, 0, 1, '2020-04-18 06:29:06', '2020-04-18 06:29:06'),
(744, 283, 1, 1, 0, 0, 0, 0, 0, 1, '2020-04-18 06:29:06', '2020-04-18 06:29:06'),
(745, 284, 1, 1, 0, 0, 0, 0, 0, 1, '2020-04-18 06:29:06', '2020-04-18 06:29:06'),
(746, 285, 1, 1, 0, 0, 0, 0, 0, 1, '2020-04-18 06:29:06', '2020-04-18 06:29:06'),
(747, 286, 1, 1, 0, 0, 0, 0, 0, 1, '2020-04-18 06:29:06', '2020-04-18 06:29:06'),
(748, 287, 1, 1, 0, 0, 0, 0, 0, 1, '2020-04-18 06:29:06', '2020-04-18 06:29:06'),
(749, 288, 1, 1, 0, 0, 0, 0, 0, 1, '2020-04-18 06:29:06', '2020-04-18 06:29:06'),
(750, 289, 1, 1, 0, 0, 0, 0, 0, 1, '2020-04-18 06:29:06', '2020-04-18 06:29:06'),
(751, 290, 1, 1, 0, 0, 0, 0, 0, 1, '2020-04-18 06:29:06', '2020-04-18 06:29:06'),
(752, 291, 1, 1, 0, 0, 0, 0, 0, 1, '2020-04-18 06:29:06', '2020-04-18 06:29:06'),
(753, 292, 1, 1, 0, 0, 0, 0, 0, 1, '2020-04-18 06:29:06', '2020-04-18 06:29:06'),
(754, 293, 1, 1, 0, 0, 0, 0, 0, 1, '2020-04-18 06:29:06', '2020-04-18 06:29:06'),
(755, 294, 1, 1, 0, 0, 0, 0, 0, 1, '2020-04-18 06:29:06', '2020-04-18 06:29:06'),
(756, 295, 1, 1, 0, 0, 0, 0, 0, 1, '2020-04-18 06:29:06', '2020-04-18 06:29:06'),
(757, 296, 1, 1, 0, 0, 0, 0, 0, 1, '2020-04-18 06:29:06', '2020-04-18 06:29:06'),
(758, 282, 100, 2, 0, 0, 0, 0, 0, 1, '2020-04-18 06:29:06', '2020-04-18 06:29:06'),
(759, 283, 100, 2, 0, 0, 0, 0, 0, 1, '2020-04-18 06:29:06', '2020-04-18 06:29:06'),
(760, 284, 100, 2, 0, 0, 0, 0, 0, 1, '2020-04-18 06:29:06', '2020-04-18 06:29:06'),
(761, 285, 100, 2, 0, 0, 0, 0, 0, 1, '2020-04-18 06:29:06', '2020-04-18 06:29:06'),
(762, 286, 100, 2, 0, 0, 0, 0, 0, 1, '2020-04-18 06:29:06', '2020-04-18 06:29:06'),
(763, 287, 100, 2, 0, 0, 0, 0, 0, 1, '2020-04-18 06:29:06', '2020-04-18 06:29:06'),
(764, 288, 100, 2, 0, 0, 0, 0, 0, 1, '2020-04-18 06:29:06', '2020-04-18 06:29:06'),
(765, 289, 100, 2, 0, 0, 0, 0, 0, 1, '2020-04-18 06:29:06', '2020-04-18 06:29:06'),
(766, 290, 100, 2, 0, 0, 0, 0, 0, 1, '2020-04-18 06:29:06', '2020-04-18 06:29:06'),
(767, 291, 100, 2, 0, 0, 0, 0, 0, 1, '2020-04-18 06:29:06', '2020-04-18 06:29:06'),
(768, 292, 100, 2, 0, 0, 0, 0, 0, 1, '2020-04-18 06:29:06', '2020-04-18 06:29:06'),
(769, 293, 100, 2, 0, 0, 0, 0, 0, 1, '2020-04-18 06:29:06', '2020-04-18 06:29:06'),
(770, 294, 100, 2, 0, 0, 0, 0, 0, 1, '2020-04-18 06:29:06', '2020-04-18 06:29:06'),
(771, 295, 100, 2, 0, 0, 0, 0, 0, 1, '2020-04-18 06:29:06', '2020-04-18 06:29:06'),
(772, 296, 100, 2, 0, 0, 0, 0, 0, 1, '2020-04-18 06:29:06', '2020-04-18 06:29:06'),
(773, 270, 1, 1, 0, 0, 0, 0, 0, 1, '2020-04-18 06:29:06', '2020-04-18 06:29:06'),
(774, 271, 1, 1, 0, 0, 0, 0, 0, 1, '2020-04-18 06:29:06', '2020-04-18 06:29:06'),
(775, 272, 1, 1, 0, 0, 0, 0, 0, 1, '2020-04-18 06:29:06', '2020-04-18 06:29:06'),
(776, 273, 1, 1, 0, 0, 0, 0, 0, 1, '2020-04-18 06:29:06', '2020-04-18 06:29:06'),
(777, 274, 1, 1, 0, 0, 0, 0, 0, 1, '2020-04-18 06:29:06', '2020-04-18 06:29:06'),
(778, 275, 1, 1, 0, 0, 0, 0, 0, 1, '2020-04-18 06:29:06', '2020-04-18 06:29:06'),
(779, 276, 1, 1, 0, 0, 0, 0, 0, 1, '2020-04-18 06:29:06', '2020-04-18 06:29:06'),
(780, 277, 1, 1, 0, 0, 0, 0, 0, 1, '2020-04-18 06:29:06', '2020-04-18 06:29:06'),
(781, 278, 1, 1, 0, 0, 0, 0, 0, 1, '2020-04-18 06:29:06', '2020-04-18 06:29:06'),
(782, 279, 1, 1, 0, 0, 0, 0, 0, 1, '2020-04-18 06:29:06', '2020-04-18 06:29:06'),
(783, 280, 1, 1, 0, 0, 0, 0, 0, 1, '2020-04-18 06:29:06', '2020-04-18 06:29:06'),
(784, 281, 1, 1, 0, 0, 0, 0, 0, 1, '2020-04-18 06:29:06', '2020-04-18 06:29:06'),
(788, 270, 100, 2, 0, 0, 0, 0, 0, 1, '2020-04-18 06:29:06', '2020-04-18 06:29:06'),
(789, 271, 100, 2, 0, 0, 0, 0, 0, 1, '2020-04-18 06:29:06', '2020-04-18 06:29:06'),
(790, 272, 100, 2, 0, 0, 0, 0, 0, 1, '2020-04-18 06:29:06', '2020-04-18 06:29:06'),
(791, 273, 100, 2, 0, 0, 0, 0, 0, 1, '2020-04-18 06:29:06', '2020-04-18 06:29:06'),
(792, 274, 100, 2, 0, 0, 0, 0, 0, 1, '2020-04-18 06:29:06', '2020-04-18 06:29:06'),
(793, 275, 100, 2, 0, 0, 0, 0, 0, 1, '2020-04-18 06:29:06', '2020-04-18 06:29:06'),
(794, 276, 100, 2, 0, 0, 0, 0, 0, 1, '2020-04-18 06:29:06', '2020-04-18 06:29:06'),
(795, 277, 100, 2, 0, 0, 0, 0, 0, 1, '2020-04-18 06:29:06', '2020-04-18 06:29:06'),
(796, 278, 100, 2, 0, 0, 0, 0, 0, 1, '2020-04-18 06:29:06', '2020-04-18 06:29:06'),
(797, 279, 100, 2, 0, 0, 0, 0, 0, 1, '2020-04-18 06:29:06', '2020-04-18 06:29:06'),
(798, 280, 100, 2, 0, 0, 0, 0, 0, 1, '2020-04-18 06:29:06', '2020-04-18 06:29:06'),
(799, 281, 100, 2, 0, 0, 0, 0, 0, 1, '2020-04-18 06:29:06', '2020-04-18 06:29:06'),
(803, 297, 1, 1, 0, 0, 0, 0, 0, 1, '2020-04-18 06:29:06', '2020-04-18 06:29:06'),
(804, 298, 1, 1, 0, 0, 0, 0, 0, 1, '2020-04-18 06:29:06', '2020-04-18 06:29:06'),
(805, 299, 1, 1, 0, 0, 0, 0, 0, 1, '2020-04-18 06:29:06', '2020-04-18 06:29:06'),
(806, 300, 1, 1, 0, 0, 0, 0, 0, 1, '2020-04-18 06:29:06', '2020-04-18 06:29:06'),
(807, 301, 1, 1, 0, 0, 0, 0, 0, 1, '2020-04-18 06:29:06', '2020-04-18 06:29:06'),
(808, 302, 1, 1, 0, 0, 0, 0, 0, 1, '2020-04-18 06:29:06', '2020-04-18 06:29:06'),
(809, 303, 1, 1, 0, 0, 0, 0, 0, 1, '2020-04-18 06:29:06', '2020-04-18 06:29:06'),
(810, 304, 1, 1, 0, 0, 0, 0, 0, 1, '2020-04-18 06:29:06', '2020-04-18 06:29:06'),
(811, 305, 1, 1, 0, 0, 0, 0, 0, 1, '2020-04-18 06:29:06', '2020-04-18 06:29:06'),
(812, 306, 1, 1, 0, 0, 0, 0, 0, 1, '2020-04-18 06:29:06', '2020-04-18 06:29:06'),
(813, 307, 1, 1, 0, 0, 0, 0, 0, 1, '2020-04-18 06:29:06', '2020-04-18 06:29:06'),
(814, 308, 1, 1, 0, 0, 0, 0, 0, 1, '2020-04-18 06:29:06', '2020-04-18 06:29:06'),
(815, 309, 1, 1, 0, 0, 0, 0, 0, 1, '2020-04-18 06:29:06', '2020-04-18 06:29:06'),
(816, 310, 1, 1, 0, 0, 0, 0, 0, 1, '2020-04-18 06:29:06', '2020-04-18 06:29:06'),
(817, 311, 1, 1, 0, 0, 0, 0, 0, 1, '2020-04-18 06:29:06', '2020-04-18 06:29:06'),
(818, 312, 1, 1, 0, 0, 0, 0, 0, 1, '2020-04-18 06:29:06', '2020-04-18 06:29:06'),
(819, 313, 1, 1, 0, 0, 0, 0, 0, 1, '2020-04-18 06:29:06', '2020-04-18 06:29:06'),
(820, 314, 1, 1, 0, 0, 0, 0, 0, 1, '2020-04-18 06:29:06', '2020-04-18 06:29:06'),
(821, 315, 1, 1, 0, 0, 0, 0, 0, 1, '2020-04-18 06:29:06', '2020-04-18 06:29:06'),
(834, 297, 100, 2, 0, 0, 0, 0, 0, 1, '2020-04-18 06:29:07', '2020-04-18 06:29:07');
INSERT INTO `products_measurement` (`id`, `product_id`, `unit_value`, `unit_id`, `price`, `price_per_unit`, `is_packet`, `packet_weight`, `packet_unit_id`, `is_active`, `created_at`, `updated_at`) VALUES
(835, 298, 100, 2, 0, 0, 0, 0, 0, 1, '2020-04-18 06:29:07', '2020-04-18 06:29:07'),
(836, 299, 100, 2, 0, 0, 0, 0, 0, 1, '2020-04-18 06:29:07', '2020-04-18 06:29:07'),
(837, 300, 100, 2, 0, 0, 0, 0, 0, 1, '2020-04-18 06:29:07', '2020-04-18 06:29:07'),
(838, 301, 100, 2, 0, 0, 0, 0, 0, 1, '2020-04-18 06:29:07', '2020-04-18 06:29:07'),
(839, 302, 100, 2, 0, 0, 0, 0, 0, 1, '2020-04-18 06:29:07', '2020-04-18 06:29:07'),
(840, 303, 100, 2, 0, 0, 0, 0, 0, 1, '2020-04-18 06:29:07', '2020-04-18 06:29:07'),
(841, 304, 100, 2, 0, 0, 0, 0, 0, 1, '2020-04-18 06:29:07', '2020-04-18 06:29:07'),
(842, 305, 100, 2, 0, 0, 0, 0, 0, 1, '2020-04-18 06:29:07', '2020-04-18 06:29:07'),
(843, 306, 100, 2, 0, 0, 0, 0, 0, 1, '2020-04-18 06:29:07', '2020-04-18 06:29:07'),
(844, 307, 100, 2, 0, 0, 0, 0, 0, 1, '2020-04-18 06:29:07', '2020-04-18 06:29:07'),
(845, 308, 100, 2, 0, 0, 0, 0, 0, 1, '2020-04-18 06:29:07', '2020-04-18 06:29:07'),
(846, 309, 100, 2, 0, 0, 0, 0, 0, 1, '2020-04-18 06:29:07', '2020-04-18 06:29:07'),
(847, 310, 100, 2, 0, 0, 0, 0, 0, 1, '2020-04-18 06:29:07', '2020-04-18 06:29:07'),
(848, 311, 100, 2, 0, 0, 0, 0, 0, 1, '2020-04-18 06:29:07', '2020-04-18 06:29:07'),
(849, 312, 100, 2, 0, 0, 0, 0, 0, 1, '2020-04-18 06:29:07', '2020-04-18 06:29:07'),
(850, 313, 100, 2, 0, 0, 0, 0, 0, 1, '2020-04-18 06:29:07', '2020-04-18 06:29:07'),
(851, 314, 100, 2, 0, 0, 0, 0, 0, 1, '2020-04-18 06:29:07', '2020-04-18 06:29:07'),
(852, 315, 100, 2, 0, 0, 0, 0, 0, 1, '2020-04-18 06:29:07', '2020-04-18 06:29:07'),
(865, 316, 1, 1, 0, 0, 0, 0, 0, 1, '2020-04-18 06:29:07', '2020-04-18 06:29:07'),
(866, 317, 1, 1, 0, 0, 0, 0, 0, 1, '2020-04-18 06:29:07', '2020-04-18 06:29:07'),
(867, 318, 1, 1, 0, 0, 0, 0, 0, 1, '2020-04-18 06:29:07', '2020-04-18 06:29:07'),
(868, 319, 1, 1, 0, 0, 0, 0, 0, 1, '2020-04-18 06:29:07', '2020-04-18 06:29:07'),
(869, 320, 1, 1, 0, 0, 0, 0, 0, 1, '2020-04-18 06:29:07', '2020-04-18 06:29:07'),
(870, 321, 1, 1, 0, 0, 0, 0, 0, 1, '2020-04-18 06:29:07', '2020-04-18 06:29:07'),
(871, 322, 1, 1, 0, 0, 0, 0, 0, 1, '2020-04-18 06:29:07', '2020-04-18 06:29:07'),
(872, 323, 1, 1, 0, 0, 0, 0, 0, 1, '2020-04-18 06:29:07', '2020-04-18 06:29:07'),
(880, 316, 100, 2, 0, 0, 0, 0, 0, 1, '2020-04-18 06:29:07', '2020-04-18 06:29:07'),
(881, 317, 100, 2, 0, 0, 0, 0, 0, 1, '2020-04-18 06:29:07', '2020-04-18 06:29:07'),
(882, 318, 100, 2, 0, 0, 0, 0, 0, 1, '2020-04-18 06:29:07', '2020-04-18 06:29:07'),
(883, 319, 100, 2, 0, 0, 0, 0, 0, 1, '2020-04-18 06:29:07', '2020-04-18 06:29:07'),
(884, 320, 100, 2, 0, 0, 0, 0, 0, 1, '2020-04-18 06:29:07', '2020-04-18 06:29:07'),
(885, 321, 100, 2, 0, 0, 0, 0, 0, 1, '2020-04-18 06:29:07', '2020-04-18 06:29:07'),
(886, 322, 100, 2, 0, 0, 0, 0, 0, 1, '2020-04-18 06:29:07', '2020-04-18 06:29:07'),
(887, 323, 100, 2, 0, 0, 0, 0, 0, 1, '2020-04-18 06:29:07', '2020-04-18 06:29:07'),
(895, 324, 1, 1, 0, 0, 0, 0, 0, 1, '2020-04-18 06:29:07', '2020-04-18 06:29:07'),
(896, 325, 1, 1, 0, 0, 0, 0, 0, 1, '2020-04-18 06:29:07', '2020-04-18 06:29:07'),
(897, 326, 1, 1, 0, 0, 0, 0, 0, 1, '2020-04-18 06:29:07', '2020-04-18 06:29:07'),
(898, 327, 1, 1, 0, 0, 0, 0, 0, 1, '2020-04-18 06:29:07', '2020-04-18 06:29:07'),
(899, 328, 1, 1, 0, 0, 0, 0, 0, 1, '2020-04-18 06:29:07', '2020-04-18 06:29:07'),
(900, 329, 1, 1, 0, 0, 0, 0, 0, 1, '2020-04-18 06:29:07', '2020-04-18 06:29:07'),
(901, 330, 1, 1, 0, 0, 0, 0, 0, 1, '2020-04-18 06:29:07', '2020-04-18 06:29:07'),
(902, 331, 1, 1, 0, 0, 0, 0, 0, 1, '2020-04-18 06:29:07', '2020-04-18 06:29:07'),
(903, 332, 1, 1, 0, 0, 0, 0, 0, 1, '2020-04-18 06:29:07', '2020-04-18 06:29:07'),
(904, 333, 1, 1, 0, 0, 0, 0, 0, 1, '2020-04-18 06:29:07', '2020-04-18 06:29:07'),
(905, 334, 1, 1, 0, 0, 0, 0, 0, 1, '2020-04-18 06:29:07', '2020-04-18 06:29:07'),
(906, 335, 1, 1, 0, 0, 0, 0, 0, 1, '2020-04-18 06:29:07', '2020-04-18 06:29:07'),
(907, 336, 1, 1, 0, 0, 0, 0, 0, 1, '2020-04-18 06:29:07', '2020-04-18 06:29:07'),
(908, 337, 1, 1, 0, 0, 0, 0, 0, 1, '2020-04-18 06:29:07', '2020-04-18 06:29:07'),
(909, 338, 1, 1, 0, 0, 0, 0, 0, 1, '2020-04-18 06:29:07', '2020-04-18 06:29:07'),
(910, 339, 1, 1, 0, 0, 0, 0, 0, 1, '2020-04-18 06:29:07', '2020-04-18 06:29:07'),
(911, 340, 1, 1, 0, 0, 0, 0, 0, 1, '2020-04-18 06:29:07', '2020-04-18 06:29:07'),
(912, 341, 1, 1, 0, 0, 0, 0, 0, 1, '2020-04-18 06:29:07', '2020-04-18 06:29:07'),
(913, 342, 1, 1, 0, 0, 0, 0, 0, 1, '2020-04-18 06:29:07', '2020-04-18 06:29:07'),
(914, 343, 1, 1, 0, 0, 0, 0, 0, 1, '2020-04-18 06:29:07', '2020-04-18 06:29:07'),
(926, 324, 100, 2, 0, 0, 0, 0, 0, 1, '2020-04-18 06:29:07', '2020-04-18 06:29:07'),
(927, 325, 100, 2, 0, 0, 0, 0, 0, 1, '2020-04-18 06:29:07', '2020-04-18 06:29:07'),
(928, 326, 100, 2, 0, 0, 0, 0, 0, 1, '2020-04-18 06:29:07', '2020-04-18 06:29:07'),
(929, 327, 100, 2, 0, 0, 0, 0, 0, 1, '2020-04-18 06:29:07', '2020-04-18 06:29:07'),
(930, 328, 100, 2, 0, 0, 0, 0, 0, 1, '2020-04-18 06:29:07', '2020-04-18 06:29:07'),
(931, 329, 100, 2, 0, 0, 0, 0, 0, 1, '2020-04-18 06:29:07', '2020-04-18 06:29:07'),
(932, 330, 100, 2, 0, 0, 0, 0, 0, 1, '2020-04-18 06:29:07', '2020-04-18 06:29:07'),
(933, 331, 100, 2, 0, 0, 0, 0, 0, 1, '2020-04-18 06:29:07', '2020-04-18 06:29:07'),
(934, 332, 100, 2, 0, 0, 0, 0, 0, 1, '2020-04-18 06:29:07', '2020-04-18 06:29:07'),
(935, 333, 100, 2, 0, 0, 0, 0, 0, 1, '2020-04-18 06:29:07', '2020-04-18 06:29:07'),
(936, 334, 100, 2, 0, 0, 0, 0, 0, 1, '2020-04-18 06:29:07', '2020-04-18 06:29:07'),
(937, 335, 100, 2, 0, 0, 0, 0, 0, 1, '2020-04-18 06:29:07', '2020-04-18 06:29:07'),
(938, 336, 100, 2, 0, 0, 0, 0, 0, 1, '2020-04-18 06:29:07', '2020-04-18 06:29:07'),
(939, 337, 100, 2, 0, 0, 0, 0, 0, 1, '2020-04-18 06:29:07', '2020-04-18 06:29:07'),
(940, 338, 100, 2, 0, 0, 0, 0, 0, 1, '2020-04-18 06:29:07', '2020-04-18 06:29:07'),
(941, 339, 100, 2, 0, 0, 0, 0, 0, 1, '2020-04-18 06:29:07', '2020-04-18 06:29:07'),
(942, 340, 100, 2, 0, 0, 0, 0, 0, 1, '2020-04-18 06:29:07', '2020-04-18 06:29:07'),
(943, 341, 100, 2, 0, 0, 0, 0, 0, 1, '2020-04-18 06:29:07', '2020-04-18 06:29:07'),
(944, 342, 100, 2, 0, 0, 0, 0, 0, 1, '2020-04-18 06:29:07', '2020-04-18 06:29:07'),
(945, 343, 100, 2, 0, 0, 0, 0, 0, 1, '2020-04-18 06:29:07', '2020-04-18 06:29:07'),
(957, 344, 1, 1, 0, 0, 0, 0, 0, 1, '2020-04-18 06:29:07', '2020-04-18 06:29:07'),
(958, 345, 1, 1, 0, 0, 0, 0, 0, 1, '2020-04-18 06:29:07', '2020-04-18 06:29:07'),
(959, 346, 1, 1, 0, 0, 0, 0, 0, 1, '2020-04-18 06:29:07', '2020-04-18 06:29:07'),
(960, 347, 1, 1, 0, 0, 0, 0, 0, 1, '2020-04-18 06:29:07', '2020-04-18 06:29:07'),
(961, 348, 1, 1, 0, 0, 0, 0, 0, 1, '2020-04-18 06:29:07', '2020-04-18 06:29:07'),
(962, 349, 1, 1, 0, 0, 0, 0, 0, 1, '2020-04-18 06:29:07', '2020-04-18 06:29:07'),
(963, 350, 1, 1, 0, 0, 0, 0, 0, 1, '2020-04-18 06:29:07', '2020-04-18 06:29:07'),
(964, 351, 1, 1, 0, 0, 0, 0, 0, 1, '2020-04-18 06:29:07', '2020-04-18 06:29:07'),
(965, 352, 1, 1, 0, 0, 0, 0, 0, 1, '2020-04-18 06:29:07', '2020-04-18 06:29:07'),
(966, 353, 1, 1, 0, 0, 0, 0, 0, 1, '2020-04-18 06:29:07', '2020-04-18 06:29:07'),
(972, 344, 100, 2, 0, 0, 0, 0, 0, 1, '2020-04-18 06:29:07', '2020-04-18 06:29:07'),
(973, 345, 100, 2, 0, 0, 0, 0, 0, 1, '2020-04-18 06:29:07', '2020-04-18 06:29:07'),
(974, 346, 100, 2, 0, 0, 0, 0, 0, 1, '2020-04-18 06:29:07', '2020-04-18 06:29:07'),
(975, 347, 100, 2, 0, 0, 0, 0, 0, 1, '2020-04-18 06:29:07', '2020-04-18 06:29:07'),
(976, 348, 100, 2, 0, 0, 0, 0, 0, 1, '2020-04-18 06:29:07', '2020-04-18 06:29:07'),
(977, 349, 100, 2, 0, 0, 0, 0, 0, 1, '2020-04-18 06:29:07', '2020-04-18 06:29:07'),
(978, 350, 100, 2, 0, 0, 0, 0, 0, 1, '2020-04-18 06:29:07', '2020-04-18 06:29:07'),
(979, 351, 100, 2, 0, 0, 0, 0, 0, 1, '2020-04-18 06:29:07', '2020-04-18 06:29:07'),
(980, 352, 100, 2, 0, 0, 0, 0, 0, 1, '2020-04-18 06:29:07', '2020-04-18 06:29:07'),
(981, 353, 100, 2, 0, 0, 0, 0, 0, 1, '2020-04-18 06:29:07', '2020-04-18 06:29:07'),
(987, 354, 1, 1, 0, 0, 0, 0, 0, 1, '2020-04-18 06:29:07', '2020-04-18 06:29:07'),
(988, 355, 1, 1, 0, 0, 0, 0, 0, 1, '2020-04-18 06:29:07', '2020-04-18 06:29:07'),
(989, 356, 1, 1, 0, 0, 0, 0, 0, 1, '2020-04-18 06:29:07', '2020-04-18 06:29:07'),
(990, 357, 1, 1, 0, 0, 0, 0, 0, 1, '2020-04-18 06:29:07', '2020-04-18 06:29:07'),
(991, 358, 1, 1, 0, 0, 0, 0, 0, 1, '2020-04-18 06:29:07', '2020-04-18 06:29:07'),
(992, 359, 1, 1, 0, 0, 0, 0, 0, 1, '2020-04-18 06:29:07', '2020-04-18 06:29:07'),
(993, 360, 1, 1, 0, 0, 0, 0, 0, 1, '2020-04-18 06:29:07', '2020-04-18 06:29:07'),
(994, 361, 1, 1, 0, 0, 0, 0, 0, 1, '2020-04-18 06:29:07', '2020-04-18 06:29:07'),
(995, 362, 1, 1, 0, 0, 0, 0, 0, 1, '2020-04-18 06:29:07', '2020-04-18 06:29:07'),
(996, 363, 1, 1, 0, 0, 0, 0, 0, 1, '2020-04-18 06:29:07', '2020-04-18 06:29:07'),
(1002, 354, 100, 2, 0, 0, 0, 0, 0, 1, '2020-04-18 06:29:08', '2020-04-18 06:29:08'),
(1003, 355, 100, 2, 0, 0, 0, 0, 0, 1, '2020-04-18 06:29:08', '2020-04-18 06:29:08'),
(1004, 356, 100, 2, 0, 0, 0, 0, 0, 1, '2020-04-18 06:29:08', '2020-04-18 06:29:08'),
(1005, 357, 100, 2, 0, 0, 0, 0, 0, 1, '2020-04-18 06:29:08', '2020-04-18 06:29:08'),
(1006, 358, 100, 2, 0, 0, 0, 0, 0, 1, '2020-04-18 06:29:08', '2020-04-18 06:29:08'),
(1007, 359, 100, 2, 0, 0, 0, 0, 0, 1, '2020-04-18 06:29:08', '2020-04-18 06:29:08'),
(1008, 360, 100, 2, 0, 0, 0, 0, 0, 1, '2020-04-18 06:29:08', '2020-04-18 06:29:08'),
(1009, 361, 100, 2, 0, 0, 0, 0, 0, 1, '2020-04-18 06:29:08', '2020-04-18 06:29:08'),
(1010, 362, 100, 2, 0, 0, 0, 0, 0, 1, '2020-04-18 06:29:08', '2020-04-18 06:29:08'),
(1011, 363, 100, 2, 0, 0, 0, 0, 0, 1, '2020-04-18 06:29:08', '2020-04-18 06:29:08'),
(1017, 364, 1, 1, 0, 0, 0, 0, 0, 1, '2020-04-18 06:29:08', '2020-04-18 06:29:08'),
(1018, 365, 1, 1, 0, 0, 0, 0, 0, 1, '2020-04-18 06:29:08', '2020-04-18 06:29:08'),
(1019, 366, 1, 1, 0, 0, 0, 0, 0, 1, '2020-04-18 06:29:08', '2020-04-18 06:29:08'),
(1020, 367, 1, 1, 0, 0, 0, 0, 0, 1, '2020-04-18 06:29:08', '2020-04-18 06:29:08'),
(1021, 368, 1, 1, 0, 0, 0, 0, 0, 1, '2020-04-18 06:29:08', '2020-04-18 06:29:08'),
(1022, 369, 1, 1, 0, 0, 0, 0, 0, 1, '2020-04-18 06:29:08', '2020-04-18 06:29:08'),
(1023, 370, 1, 1, 0, 0, 0, 0, 0, 1, '2020-04-18 06:29:08', '2020-04-18 06:29:08'),
(1024, 371, 1, 1, 0, 0, 0, 0, 0, 1, '2020-04-18 06:29:08', '2020-04-18 06:29:08'),
(1025, 372, 1, 1, 0, 0, 0, 0, 0, 1, '2020-04-18 06:29:08', '2020-04-18 06:29:08'),
(1026, 373, 1, 1, 0, 0, 0, 0, 0, 1, '2020-04-18 06:29:08', '2020-04-18 06:29:08'),
(1027, 374, 1, 1, 0, 0, 0, 0, 0, 1, '2020-04-18 06:29:08', '2020-04-18 06:29:08'),
(1032, 364, 100, 2, 0, 0, 0, 0, 0, 1, '2020-04-18 06:29:08', '2020-04-18 06:29:08'),
(1033, 365, 100, 2, 0, 0, 0, 0, 0, 1, '2020-04-18 06:29:08', '2020-04-18 06:29:08'),
(1034, 366, 100, 2, 0, 0, 0, 0, 0, 1, '2020-04-18 06:29:08', '2020-04-18 06:29:08'),
(1035, 367, 100, 2, 0, 0, 0, 0, 0, 1, '2020-04-18 06:29:08', '2020-04-18 06:29:08'),
(1036, 368, 100, 2, 0, 0, 0, 0, 0, 1, '2020-04-18 06:29:08', '2020-04-18 06:29:08'),
(1037, 369, 100, 2, 0, 0, 0, 0, 0, 1, '2020-04-18 06:29:08', '2020-04-18 06:29:08'),
(1038, 370, 100, 2, 0, 0, 0, 0, 0, 1, '2020-04-18 06:29:08', '2020-04-18 06:29:08'),
(1039, 371, 100, 2, 0, 0, 0, 0, 0, 1, '2020-04-18 06:29:08', '2020-04-18 06:29:08'),
(1040, 372, 100, 2, 0, 0, 0, 0, 0, 1, '2020-04-18 06:29:08', '2020-04-18 06:29:08'),
(1041, 373, 100, 2, 0, 0, 0, 0, 0, 1, '2020-04-18 06:29:08', '2020-04-18 06:29:08'),
(1042, 374, 100, 2, 0, 0, 0, 0, 0, 1, '2020-04-18 06:29:08', '2020-04-18 06:29:08'),
(1047, 375, 1, 1, 0, 0, 0, 0, 0, 1, '2020-04-18 06:32:20', '2020-04-18 06:32:20'),
(1048, 375, 100, 2, 0, 0, 0, 0, 0, 1, '2020-04-18 06:32:20', '2020-04-18 06:32:20'),
(1049, 376, 1, 1, 0, 0, 0, 0, 0, 1, '2020-04-18 06:32:49', '2020-04-18 06:32:49'),
(1050, 376, 100, 2, 0, 0, 0, 0, 0, 1, '2020-04-18 06:32:49', '2020-04-18 06:32:49'),
(1051, 377, 1, 1, 0, 0, 0, 0, 0, 1, '2020-04-18 06:33:05', '2020-04-18 06:33:05'),
(1052, 377, 100, 2, 0, 0, 0, 0, 0, 1, '2020-04-18 06:33:05', '2020-04-18 06:33:05'),
(1053, 378, 1, 1, 0, 0, 0, 0, 0, 1, '2020-04-18 06:33:29', '2020-04-18 06:33:29'),
(1054, 378, 100, 2, 0, 0, 0, 0, 0, 1, '2020-04-18 06:33:29', '2020-04-18 06:33:29'),
(1055, 379, 1, 1, 0, 0, 0, 0, 0, 1, '2020-04-18 06:33:51', '2020-04-18 06:33:51'),
(1056, 379, 100, 2, 0, 0, 0, 0, 0, 1, '2020-04-18 06:33:52', '2020-04-18 06:33:52'),
(1057, 380, 1, 1, 0, 0, 0, 0, 0, 1, '2020-04-18 06:34:18', '2020-04-18 06:34:18'),
(1058, 380, 100, 2, 0, 0, 0, 0, 0, 1, '2020-04-18 06:34:18', '2020-04-18 06:34:18'),
(1059, 381, 1, 1, 0, 0, 0, 0, 0, 1, '2020-04-18 06:34:43', '2020-04-18 06:34:43'),
(1060, 381, 100, 2, 0, 0, 0, 0, 0, 1, '2020-04-18 06:34:43', '2020-04-18 06:34:43'),
(1061, 382, 1, 1, 0, 0, 0, 0, 0, 1, '2020-04-18 06:37:19', '2020-04-18 06:37:19'),
(1062, 382, 100, 2, 0, 0, 0, 0, 0, 1, '2020-04-18 06:37:19', '2020-04-18 06:37:19'),
(1063, 383, 1, 1, 0, 0, 0, 0, 0, 1, '2020-04-18 06:37:46', '2020-04-18 06:37:46'),
(1064, 383, 100, 2, 0, 0, 0, 0, 0, 1, '2020-04-18 06:37:46', '2020-04-18 06:37:46'),
(1065, 384, 1, 1, 0, 0, 0, 0, 0, 1, '2020-04-18 06:38:20', '2020-04-18 06:38:20'),
(1066, 384, 100, 2, 0, 0, 0, 0, 0, 1, '2020-04-18 06:38:20', '2020-04-18 06:38:20'),
(1067, 385, 1, 1, 0, 0, 0, 0, 0, 1, '2020-04-18 06:38:47', '2020-04-18 06:38:47'),
(1068, 385, 100, 2, 0, 0, 0, 0, 0, 1, '2020-04-18 06:38:47', '2020-04-18 06:38:47'),
(1069, 386, 1, 1, 0, 0, 0, 0, 0, 1, '2020-04-18 06:39:38', '2020-04-18 06:39:38'),
(1070, 386, 100, 2, 0, 0, 0, 0, 0, 1, '2020-04-18 06:39:38', '2020-04-18 06:39:38'),
(1071, 387, 1, 1, 0, 0, 0, 0, 0, 1, '2020-04-18 06:40:21', '2020-04-18 06:40:21'),
(1072, 387, 100, 2, 0, 0, 0, 0, 0, 1, '2020-04-18 06:40:21', '2020-04-18 06:40:21'),
(1073, 388, 1, 1, 0, 0, 0, 0, 0, 1, '2020-04-18 06:40:47', '2020-04-18 06:40:47'),
(1074, 388, 100, 2, 0, 0, 0, 0, 0, 1, '2020-04-18 06:40:47', '2020-04-18 06:40:47'),
(1075, 389, 1, 1, 0, 0, 0, 0, 0, 1, '2020-04-18 06:41:35', '2020-04-18 06:41:35'),
(1076, 389, 100, 2, 0, 0, 0, 0, 0, 1, '2020-04-18 06:41:35', '2020-04-18 06:41:35'),
(1077, 390, 1, 1, 60, 60, 0, 0, 0, 1, '2020-04-27 13:13:18', '2020-04-27 13:13:18'),
(1078, 390, 1, 6, 130, 130, 1, 20, 1, 1, '2020-04-27 13:13:18', '2020-04-27 13:13:18'),
(1079, 391, 1, 1, 0, 0, 0, 0, 0, 1, '2020-04-28 11:12:32', '2020-04-28 11:12:32'),
(1080, 391, 100, 2, 0, 0, 0, 0, 0, 1, '2020-04-28 11:12:32', '2020-04-28 11:12:32'),
(1081, 391, 1, 6, 0, 0, 1, 10, 1, 1, '2020-04-28 11:12:32', '2020-04-28 11:12:32'),
(1082, 391, 1, 7, 0, 0, 1, 5, 1, 1, '2020-04-28 11:12:32', '2020-04-28 11:12:32'),
(1083, 392, 1, 1, 2, 2, 0, 0, 0, 1, '2020-04-29 02:55:14', '2020-04-29 02:55:14'),
(1084, 392, 1, 6, 30, 30, 1, 15, 1, 1, '2020-04-29 02:55:14', '2020-04-29 02:55:14'),
(1085, 393, 1, 6, 50, 50, 1, 1, 1, 1, '2020-05-02 11:05:16', '2020-05-02 11:05:16'),
(1086, 394, 1, 1, 0, 0, 0, 0, 0, 1, '2020-05-06 13:16:56', '2020-05-06 13:16:56'),
(1087, 394, 1, 6, 0, 0, 1, 10, 1, 1, '2020-05-06 13:16:56', '2020-05-06 13:16:56'),
(1088, 394, 1, 7, 0, 0, 1, 2, 1, 1, '2020-05-06 13:16:56', '2020-05-06 13:16:56'),
(1089, 394, 100, 2, 0, 0, 0, 0, 0, 1, '2020-05-06 13:16:56', '2020-05-06 13:16:56'),
(1090, 395, 1, 7, 1, 1, 1, 1, 1, 1, '2020-05-07 04:21:14', '2020-05-07 04:21:14'),
(1091, 395, 1, 6, 180, 180, 1, 180, 1, 1, '2020-05-07 04:21:14', '2020-05-07 04:21:14'),
(1092, 396, 1, 1, 123, 123, 0, 0, 0, 1, '2020-05-10 10:11:42', '2020-05-10 10:11:42'),
(1093, 397, 1, 1, 0, 0, 0, 0, 0, 1, '2020-05-11 08:32:56', '2020-05-11 08:32:56'),
(1094, 397, 100, 2, 0, 0, 0, 0, 0, 1, '2020-05-11 08:32:56', '2020-05-11 08:32:56'),
(1095, 397, 1, 7, 0, 0, 1, 5, 1, 1, '2020-05-11 08:32:56', '2020-05-11 08:32:56'),
(1096, 397, 1, 6, 0, 0, 1, 10, 1, 1, '2020-05-11 08:32:56', '2020-05-11 08:32:56');

-- --------------------------------------------------------

--
-- Table structure for table `product_images`
--

CREATE TABLE `product_images` (
  `id` int(11) NOT NULL,
  `product_id` int(11) DEFAULT NULL,
  `type` int(11) DEFAULT NULL,
  `image_name` varchar(255) DEFAULT NULL,
  `is_active` tinyint(1) DEFAULT NULL,
  `created_by` int(11) DEFAULT NULL,
  `created_at` timestamp NULL DEFAULT CURRENT_TIMESTAMP
) ENGINE=InnoDB DEFAULT CHARSET=latin1;

--
-- Dumping data for table `product_images`
--

INSERT INTO `product_images` (`id`, `product_id`, `type`, `image_name`, `is_active`, `created_by`, `created_at`) VALUES
(1, 394, 1, 'category-2 - Copy_1588771016553.jpg', 1, 1, '2020-05-06 13:16:56'),
(2, 395, 1, 'image_1588825274832.jpg', 1, 1, '2020-05-07 04:21:14'),
(3, 396, 1, 'WhatsApp Image 2020-05-09 at 10_1589105502208.02', 1, 1, '2020-05-10 10:11:42'),
(4, 397, 1, 'IMG_20181204_111003_HDR_1589185976865.jpg', 1, 1, '2020-05-11 08:32:56');

-- --------------------------------------------------------

--
-- Table structure for table `product_tracking_state`
--

CREATE TABLE `product_tracking_state` (
  `id` int(11) NOT NULL,
  `product_status` varchar(255) NOT NULL,
  `is_active` tinyint(1) NOT NULL,
  `created_at` timestamp NOT NULL DEFAULT CURRENT_TIMESTAMP
) ENGINE=InnoDB DEFAULT CHARSET=latin1;

--
-- Dumping data for table `product_tracking_state`
--

INSERT INTO `product_tracking_state` (`id`, `product_status`, `is_active`, `created_at`) VALUES
(1, 'ORDERED', 1, '2020-04-18 12:48:46'),
(2, 'DELIVERED', 1, '2020-04-18 12:48:46'),
(3, 'NOT DELIVERED', 1, '2020-04-18 12:48:46'),
(4, 'VERIFIED BY CUSTOMER', 1, '2020-04-24 10:10:59'),
(5, 'ACCEPTED', 1, '2020-04-18 12:48:46'),
(6, 'REJECTED', 1, '2020-04-24 10:10:59');

-- --------------------------------------------------------

--
-- Table structure for table `profile`
--

CREATE TABLE `profile` (
  `id` bigint(20) NOT NULL,
  `user_id` int(11) DEFAULT NULL,
  `type_id` int(11) DEFAULT NULL,
  `first_name` varchar(100) DEFAULT NULL,
  `last_name` varchar(100) DEFAULT NULL,
  `email` varchar(255) DEFAULT NULL,
  `mobile` varchar(15) DEFAULT NULL,
  `dob` date DEFAULT NULL,
  `gender` tinyint(1) DEFAULT NULL,
  `address` varchar(500) DEFAULT NULL,
  `city` varchar(255) DEFAULT NULL,
  `state` varchar(255) DEFAULT NULL,
  `country` varchar(100) DEFAULT NULL,
  `postcode` varchar(20) DEFAULT NULL,
  `status` int(11) DEFAULT NULL,
  `is_active` tinyint(1) DEFAULT NULL,
  `created_by` int(11) DEFAULT NULL,
  `updated_by` int(11) DEFAULT NULL,
  `created_at` timestamp NOT NULL DEFAULT CURRENT_TIMESTAMP,
  `updated_at` timestamp NOT NULL DEFAULT CURRENT_TIMESTAMP
) ENGINE=InnoDB DEFAULT CHARSET=latin1;

--
-- Dumping data for table `profile`
--

INSERT INTO `profile` (`id`, `user_id`, `type_id`, `first_name`, `last_name`, `email`, `mobile`, `dob`, `gender`, `address`, `city`, `state`, `country`, `postcode`, `status`, `is_active`, `created_by`, `updated_by`, `created_at`, `updated_at`) VALUES
(1, 1, 1, 'SA Supermart', NULL, 'demo@demo.com', '0123456789', NULL, NULL, '123, abcdefgh, ijklmno', 'Auckland', '', NULL, '3125', 1, 1, 1, NULL, '2020-04-27 12:05:43', '2020-04-27 12:05:43');

-- --------------------------------------------------------

--
-- Table structure for table `purchase_register`
--

CREATE TABLE `purchase_register` (
  `id` int(11) NOT NULL,
  `product_id` int(11) DEFAULT NULL,
  `purchase_date` datetime NOT NULL DEFAULT CURRENT_TIMESTAMP,
  `required_quantity` decimal(10,0) DEFAULT NULL,
  `required_unit_id` int(11) DEFAULT NULL,
  `purchased_quantity` double DEFAULT NULL,
  `purchased_unit_id` int(11) DEFAULT NULL,
  `cost` double DEFAULT NULL,
  `status` int(11) DEFAULT NULL,
  `is_active` tinyint(4) DEFAULT NULL,
  `created_by` int(11) DEFAULT NULL,
  `updated_by` int(11) DEFAULT NULL,
  `created_at` timestamp NOT NULL DEFAULT CURRENT_TIMESTAMP,
  `updated_at` timestamp NOT NULL DEFAULT CURRENT_TIMESTAMP
) ENGINE=InnoDB DEFAULT CHARSET=latin1;

--
-- Dumping data for table `purchase_register`
--

INSERT INTO `purchase_register` (`id`, `product_id`, `purchase_date`, `required_quantity`, `required_unit_id`, `purchased_quantity`, `purchased_unit_id`, `cost`, `status`, `is_active`, `created_by`, `updated_by`, `created_at`, `updated_at`) VALUES
(1, 151, '2020-04-22 00:00:00', '10', 1, 10, 1, 60, 3, 1, 1, NULL, '2020-04-22 09:10:53', '2020-04-22 09:10:53'),
(2, 250, '2020-04-22 00:00:00', '10', 1, 10, 1, 100, 3, 1, 1, NULL, '2020-04-22 09:11:00', '2020-04-22 09:11:00'),
(3, 40, '2020-04-22 00:00:00', '20', 1, 20, 1, 50, 3, 1, 1, NULL, '2020-04-22 10:27:45', '2020-04-22 10:27:45'),
(4, 39, '2020-04-22 00:00:00', '10', 1, 0, 1, 0, 3, 0, 1, 1, '2020-04-22 10:27:52', '2020-04-22 10:29:00'),
(5, 38, '2020-04-22 00:00:00', '10', 1, 20, 1, 10, 3, 1, 1, NULL, '2020-04-22 10:28:01', '2020-04-22 10:28:01'),
(6, 39, '2020-04-22 00:00:00', '10', 1, 2, 1, 10, 3, 1, 1, NULL, '2020-04-22 10:29:00', '2020-04-22 10:29:00'),
(7, 151, '2020-04-24 00:00:00', '15', 1, 13, 1, 65, 3, 1, 1, NULL, '2020-04-24 12:14:00', '2020-04-24 12:14:00'),
(8, 369, '2020-04-25 00:00:00', '20', 1, 23, 1, 34, 3, 1, 1, NULL, '2020-04-25 08:14:01', '2020-04-25 08:14:01'),
(9, 348, '2020-04-25 00:00:00', '20', 1, 23, 1, 34, 3, 1, 1, NULL, '2020-04-25 08:14:05', '2020-04-25 08:14:05'),
(10, 347, '2020-04-25 00:00:00', '10', 1, 23, 1, 34, 3, 1, 1, NULL, '2020-04-25 08:14:08', '2020-04-25 08:14:08'),
(11, 326, '2020-04-25 00:00:00', '0', 1, 2, 1, 34, 3, 1, 1, NULL, '2020-04-25 08:14:10', '2020-04-25 08:14:10'),
(12, 324, '2020-04-25 00:00:00', '20', 1, 23, 1, 34, 3, 1, 1, NULL, '2020-04-25 08:14:13', '2020-04-25 08:14:13'),
(13, 299, '2020-04-25 00:00:00', '100', 1, 23, 1, 34, 3, 1, 1, NULL, '2020-04-25 08:14:15', '2020-04-25 08:14:15'),
(14, 238, '2020-04-25 00:00:00', '41', 1, 23, 1, 34, 3, 1, 1, NULL, '2020-04-25 08:14:17', '2020-04-25 08:14:17'),
(15, 202, '2020-04-25 00:00:00', '10', 1, 23, 1, 34, 3, 1, 1, NULL, '2020-04-25 08:14:20', '2020-04-25 08:14:20'),
(16, 151, '2020-04-25 00:00:00', '29', 1, 23, 1, 34, 3, 1, 1, NULL, '2020-04-25 08:14:22', '2020-04-25 08:14:22'),
(17, 148, '2020-04-25 00:00:00', '30', 1, 23, 1, 34, 3, 1, 1, NULL, '2020-04-25 08:14:25', '2020-04-25 08:14:25'),
(18, 9, '2020-04-25 00:00:00', '10', 1, 23, 1, 34, 3, 1, 1, NULL, '2020-04-25 08:14:27', '2020-04-25 08:14:27'),
(19, 7, '2020-04-25 00:00:00', '21', 1, 23, 1, 34, 3, 1, 1, NULL, '2020-04-25 08:14:29', '2020-04-25 08:14:29'),
(20, 16, '2020-04-27 00:00:00', '10', 1, 10, 1, 150, 3, 1, 1, NULL, '2020-04-27 12:13:56', '2020-04-27 12:13:56'),
(21, 151, '2020-04-27 00:00:00', '10', 1, 10, 1, 250, 3, 1, 1, NULL, '2020-04-27 12:14:00', '2020-04-27 12:14:00'),
(22, 390, '2020-04-27 00:00:00', '10', 1, 20, 1, 230, 3, 1, 1, NULL, '2020-04-27 13:23:26', '2020-04-27 13:23:26'),
(23, 35, '2020-04-27 00:00:00', '13', 1, 30, 1, 234, 3, 1, 1, NULL, '2020-04-27 13:23:30', '2020-04-27 13:23:30'),
(24, 33, '2020-04-27 00:00:00', '16', 1, 40, 1, 1000, 3, 1, 1, NULL, '2020-04-27 13:23:32', '2020-04-27 13:23:32'),
(25, 31, '2020-04-27 00:00:00', '14', 1, 30, 1, 100, 3, 1, 1, NULL, '2020-04-27 13:23:35', '2020-04-27 13:23:35'),
(26, 28, '2020-04-27 00:00:00', '12', 1, 20, 1, 110, 3, 1, 1, NULL, '2020-04-27 13:23:37', '2020-04-27 13:23:37'),
(27, 391, '2020-04-28 00:00:00', '10', 1, 10, 1, 150, 3, 1, 1, NULL, '2020-04-28 11:21:10', '2020-04-28 11:21:10'),
(28, 192, '2020-04-29 00:00:00', '1', 1, 1, 1, 5, 3, 1, 1, NULL, '2020-04-29 02:57:28', '2020-04-29 02:57:28'),
(29, 193, '2020-04-29 00:00:00', '1', 1, 0.5, 1, 10, 3, 1, 1, NULL, '2020-04-29 02:57:40', '2020-04-29 02:57:40'),
(30, 392, '2020-04-29 00:00:00', '15', 1, 20, 1, 66, 3, 1, 1, NULL, '2020-04-29 02:58:16', '2020-04-29 02:58:16'),
(31, 153, '2020-04-29 00:00:00', '1', 1, 2, 1, 200, 3, 1, 1, NULL, '2020-04-29 03:14:38', '2020-04-29 03:14:38'),
(32, 249, '2020-04-29 00:00:00', '10', 1, 10, 1, 20, 3, 1, 1, NULL, '2020-04-29 03:14:50', '2020-04-29 03:14:50'),
(33, 253, '2020-04-29 00:00:00', '10', 1, 10, 1, 15, 3, 1, 1, NULL, '2020-04-29 03:14:59', '2020-04-29 03:14:59'),
(34, 255, '2020-04-29 00:00:00', '10', 1, 5, 1, 10, 3, 1, 1, NULL, '2020-04-29 03:15:11', '2020-04-29 03:15:11'),
(35, 298, '2020-04-29 00:00:00', '1', 1, 1, 1, 50, 3, 1, 1, NULL, '2020-04-29 03:15:21', '2020-04-29 03:15:21'),
(36, 373, '2020-04-29 00:00:00', '1', 1, 23, 1, 43, 3, 1, 1, NULL, '2020-04-29 03:51:26', '2020-04-29 03:51:26'),
(37, 364, '2020-04-29 00:00:00', '1', 1, 34, 1, 12, 3, 1, 1, NULL, '2020-04-29 03:51:29', '2020-04-29 03:51:29'),
(38, 318, '2020-04-29 00:00:00', '1', 1, 23, 1, 43, 3, 1, 1, NULL, '2020-04-29 03:51:31', '2020-04-29 03:51:31'),
(39, 304, '2020-04-29 00:00:00', '1', 1, 56, 1, 67, 3, 1, 1, NULL, '2020-04-29 03:51:33', '2020-04-29 03:51:33'),
(40, 271, '2020-04-29 00:00:00', '1', 1, 56, 1, 5, 3, 1, 1, NULL, '2020-04-29 03:51:37', '2020-04-29 03:51:37'),
(41, 264, '2020-04-29 00:00:00', '1', 1, 3, 1, 67, 3, 1, 1, NULL, '2020-04-29 03:51:40', '2020-04-29 03:51:40'),
(42, 259, '2020-04-29 00:00:00', '1', 1, 56, 1, 45, 3, 1, 1, NULL, '2020-04-29 03:51:46', '2020-04-29 03:51:46'),
(43, 244, '2020-04-29 00:00:00', '1', 1, 50, 1, 170, 3, 1, 1, NULL, '2020-04-29 03:51:48', '2020-04-29 03:51:48'),
(44, 151, '2020-05-01 00:00:00', '15', 1, 13, 1, 10, 3, 0, 1, 1, '2020-05-01 08:01:56', '2020-05-01 08:02:12'),
(45, 152, '2020-05-01 00:00:00', '15', 1, 15, 1, 250, 3, 1, 1, NULL, '2020-05-01 08:02:02', '2020-05-01 08:02:02'),
(46, 151, '2020-05-01 00:00:00', '15', 1, 13, 1, 100, 3, 1, 1, NULL, '2020-05-01 08:02:12', '2020-05-01 08:02:12'),
(47, 153, '2020-05-01 00:00:00', '10', 1, 10, 1, 25, 3, 1, 1, NULL, '2020-05-01 08:02:22', '2020-05-01 08:02:22'),
(48, 165, '2020-05-01 00:00:00', '12', 1, 50, 1, 29, 2, 0, 1, 1, '2020-05-01 14:50:05', '2020-05-02 11:01:15'),
(49, 140, '2020-05-01 00:00:00', '60', 1, 100, 1, 209, 2, 0, 1, 1, '2020-05-01 14:50:09', '2020-05-02 11:01:11'),
(50, 139, '2020-05-01 00:00:00', '21', 1, 30, 1, 56, 2, 0, 1, 1, '2020-05-01 14:50:18', '2020-05-02 11:01:08'),
(51, 123, '2020-05-01 00:00:00', '10', 1, 20, 1, 120, 2, 0, 1, 1, '2020-05-01 14:50:21', '2020-05-02 11:01:05'),
(52, 122, '2020-05-01 00:00:00', '61', 1, 100, 1, 230, 2, 0, 1, 1, '2020-05-01 14:50:23', '2020-05-02 11:01:03'),
(53, 121, '2020-05-01 00:00:00', '60', 1, 70, 1, 90, 2, 0, 1, 1, '2020-05-01 14:50:25', '2020-05-02 11:01:01'),
(54, 121, '2020-05-01 00:00:00', '60', 1, 70, 1, 90, 2, 0, 1, 1, '2020-05-02 11:01:01', '2020-05-08 02:58:36'),
(55, 122, '2020-05-01 00:00:00', '61', 1, 100, 1, 230, 2, 0, 1, 1, '2020-05-02 11:01:03', '2020-05-08 02:58:39'),
(56, 123, '2020-05-01 00:00:00', '10', 1, 20, 1, 120, 2, 0, 1, 1, '2020-05-02 11:01:05', '2020-05-08 02:58:41'),
(57, 139, '2020-05-01 00:00:00', '21', 1, 30, 1, 56, 2, 0, 1, 1, '2020-05-02 11:01:08', '2020-05-08 02:58:43'),
(58, 140, '2020-05-01 00:00:00', '60', 1, 100, 1, 209, 2, 0, 1, 1, '2020-05-02 11:01:11', '2020-05-08 02:58:46'),
(59, 165, '2020-05-01 00:00:00', '12', 1, 50, 1, 29, 2, 0, 1, 1, '2020-05-02 11:01:15', '2020-05-08 02:58:48'),
(60, 41, '2020-05-02 00:00:00', '15', 1, 15, 1, 150, 3, 1, 1, NULL, '2020-05-02 11:07:28', '2020-05-02 11:07:28'),
(61, 250, '2020-05-02 00:00:00', '22', 1, 22, 1, 123, 3, 1, 1, NULL, '2020-05-02 11:09:08', '2020-05-02 11:09:08'),
(62, 153, '2020-05-02 00:00:00', '22', 1, 23, 1, 123, 3, 1, 1, NULL, '2020-05-02 11:09:12', '2020-05-02 11:09:12'),
(63, 152, '2020-05-02 00:00:00', '22', 1, 12, 1, 123, 3, 1, 1, NULL, '2020-05-02 11:09:17', '2020-05-02 11:09:17'),
(64, 151, '2020-05-02 00:00:00', '31', 1, 33, 1, 123, 3, 1, 1, NULL, '2020-05-02 11:09:23', '2020-05-02 11:09:23'),
(65, 57, '2020-05-02 00:00:00', '12', 1, 22, 1, 123, 3, 1, 1, NULL, '2020-05-02 11:09:28', '2020-05-02 11:09:28'),
(66, 135, '2020-05-03 00:00:00', '10', 1, 40, 1, 40, 3, 1, 1, NULL, '2020-05-03 10:44:16', '2020-05-03 10:44:16'),
(67, 138, '2020-05-03 00:00:00', '10', 1, 20, 1, 30, 3, 1, 1, NULL, '2020-05-03 10:44:27', '2020-05-03 10:44:27'),
(68, 148, '2020-05-07 00:00:00', '3', 1, 2, 1, 10, 3, 0, 1, 1, '2020-05-07 05:13:34', '2020-05-07 05:22:33'),
(69, 16, '2020-05-07 00:00:00', '0', 1, 2, 1, 10, 3, 1, 1, NULL, '2020-05-07 05:22:12', '2020-05-07 05:22:12'),
(70, 17, '2020-05-07 00:00:00', '2', 1, 2, 1, 10, 3, 1, 1, NULL, '2020-05-07 05:22:15', '2020-05-07 05:22:15'),
(71, 21, '2020-05-07 00:00:00', '2', 1, 1, 1, 10, 3, 1, 1, NULL, '2020-05-07 05:22:19', '2020-05-07 05:22:19'),
(72, 27, '2020-05-07 00:00:00', '0', 1, 2, 1, 10, 3, 1, 1, NULL, '2020-05-07 05:22:20', '2020-05-07 05:22:20'),
(73, 46, '2020-05-07 00:00:00', '2', 1, 2, 1, 10, 3, 1, 1, NULL, '2020-05-07 05:22:22', '2020-05-07 05:22:22'),
(74, 54, '2020-05-07 00:00:00', '1', 1, 2, 1, 10, 3, 0, 1, 1, '2020-05-07 05:22:23', '2020-05-07 05:23:51'),
(75, 57, '2020-05-07 00:00:00', '1', 1, 2, 1, 10, 3, 1, 1, NULL, '2020-05-07 05:22:25', '2020-05-07 05:22:25'),
(76, 73, '2020-05-07 00:00:00', '1', 1, 2, 1, 10, 3, 1, 1, NULL, '2020-05-07 05:22:26', '2020-05-07 05:22:26'),
(77, 96, '2020-05-07 00:00:00', '1', 1, 2, 1, 10, 3, 0, 1, 1, '2020-05-07 05:22:28', '2020-05-07 05:23:54'),
(78, 107, '2020-05-07 00:00:00', '1', 1, 2, 1, 10, 3, 1, 1, NULL, '2020-05-07 05:22:29', '2020-05-07 05:22:29'),
(79, 148, '2020-05-07 00:00:00', '3', 1, 2, 1, 2, 3, 1, 1, NULL, '2020-05-07 05:22:33', '2020-05-07 05:22:33'),
(80, 392, '2020-05-07 00:00:00', '16', 1, 2, 1, 20, 3, 1, 1, NULL, '2020-05-07 05:23:30', '2020-05-07 05:23:30'),
(81, 325, '2020-05-07 00:00:00', '1', 1, 2, 1, 20, 3, 1, 1, NULL, '2020-05-07 05:23:32', '2020-05-07 05:23:32'),
(82, 324, '2020-05-07 00:00:00', '1', 1, 2, 1, 20, 3, 1, 1, NULL, '2020-05-07 05:23:34', '2020-05-07 05:23:34'),
(83, 316, '2020-05-07 00:00:00', '1', 1, 2, 1, 20, 3, 1, 1, NULL, '2020-05-07 05:23:35', '2020-05-07 05:23:35'),
(84, 298, '2020-05-07 00:00:00', '0', 1, 2, 1, 20, 3, 1, 1, NULL, '2020-05-07 05:23:36', '2020-05-07 05:23:36'),
(85, 270, '2020-05-07 00:00:00', '2', 1, 2, 1, 20, 3, 1, 1, NULL, '2020-05-07 05:23:38', '2020-05-07 05:23:38'),
(86, 295, '2020-05-07 00:00:00', '0', 1, 2, 1, 20, 3, 1, 1, NULL, '2020-05-07 05:23:39', '2020-05-07 05:23:39'),
(87, 282, '2020-05-07 00:00:00', '1', 1, 2, 1, 20, 3, 1, 1, NULL, '2020-05-07 05:23:40', '2020-05-07 05:23:40'),
(88, 250, '2020-05-07 00:00:00', '1', 1, 2, 1, 20, 3, 1, 1, NULL, '2020-05-07 05:23:41', '2020-05-07 05:23:41'),
(89, 242, '2020-05-07 00:00:00', '100', 1, 2, 1, 20, 3, 1, 1, NULL, '2020-05-07 05:23:43', '2020-05-07 05:23:43'),
(90, 241, '2020-05-07 00:00:00', '1', 1, 2, 1, 20, 3, 1, 1, NULL, '2020-05-07 05:23:44', '2020-05-07 05:23:44'),
(91, 238, '2020-05-07 00:00:00', '1', 1, 2, 1, 20, 3, 1, 1, NULL, '2020-05-07 05:23:45', '2020-05-07 05:23:45'),
(92, 54, '2020-05-07 00:00:00', '1', 1, 2, 1, 10, 3, 1, 1, NULL, '2020-05-07 05:23:51', '2020-05-07 05:23:51'),
(93, 96, '2020-05-07 00:00:00', '1', 1, 2, 1, 10, 3, 1, 1, NULL, '2020-05-07 05:23:54', '2020-05-07 05:23:54'),
(94, 151, '2020-05-07 00:00:00', '2', 1, 2, 1, 20, 3, 1, 1, NULL, '2020-05-07 05:23:56', '2020-05-07 05:23:56'),
(95, 152, '2020-05-07 00:00:00', '1', 1, 2, 1, 20, 3, 1, 1, NULL, '2020-05-07 05:23:58', '2020-05-07 05:23:58'),
(96, 153, '2020-05-07 00:00:00', '1', 1, 2, 1, 20, 3, 1, 1, NULL, '2020-05-07 05:23:59', '2020-05-07 05:23:59'),
(97, 195, '2020-05-07 00:00:00', '1', 1, 2, 1, 20, 3, 1, 1, NULL, '2020-05-07 05:24:04', '2020-05-07 05:24:04'),
(98, 202, '2020-05-07 00:00:00', '0', 1, 20, 1, 20, 3, 1, 1, NULL, '2020-05-07 05:24:06', '2020-05-07 05:24:06'),
(99, 210, '2020-05-07 00:00:00', '2', 1, 2, 1, 20, 3, 1, 1, NULL, '2020-05-07 05:24:07', '2020-05-07 05:24:07'),
(100, 221, '2020-05-07 00:00:00', '1', 1, 2, 1, 20, 3, 1, 1, NULL, '2020-05-07 05:24:08', '2020-05-07 05:24:08'),
(101, 236, '2020-05-07 00:00:00', '1', 1, 20, 1, 20, 3, 1, 1, NULL, '2020-05-07 05:24:10', '2020-05-07 05:24:10'),
(102, 237, '2020-05-07 00:00:00', '1', 1, 2, 1, 20, 3, 1, 1, NULL, '2020-05-07 05:24:11', '2020-05-07 05:24:11'),
(103, 185, '2020-05-07 00:00:00', '111', 1, 2, 1, 20, 3, 1, 1, NULL, '2020-05-07 05:24:26', '2020-05-07 05:24:26'),
(104, 121, '2020-05-01 00:00:00', '60', 1, 70, 1, 90, 1, 1, 1, NULL, '2020-05-08 02:58:36', '2020-05-08 02:58:36'),
(105, 122, '2020-05-01 00:00:00', '61', 1, 100, 1, 230, 1, 1, 1, NULL, '2020-05-08 02:58:39', '2020-05-08 02:58:39'),
(106, 123, '2020-05-01 00:00:00', '10', 1, 20, 1, 120, 1, 1, 1, NULL, '2020-05-08 02:58:41', '2020-05-08 02:58:41'),
(107, 139, '2020-05-01 00:00:00', '21', 1, 30, 1, 56, 1, 1, 1, NULL, '2020-05-08 02:58:43', '2020-05-08 02:58:43'),
(108, 140, '2020-05-01 00:00:00', '60', 1, 100, 1, 209, 1, 1, 1, NULL, '2020-05-08 02:58:46', '2020-05-08 02:58:46'),
(109, 165, '2020-05-01 00:00:00', '12', 1, 50, 1, 29, 1, 1, 1, NULL, '2020-05-08 02:58:48', '2020-05-08 02:58:48');

-- --------------------------------------------------------

--
-- Table structure for table `shipping_details`
--

CREATE TABLE `shipping_details` (
  `id` bigint(20) NOT NULL,
  `user_id` int(11) DEFAULT NULL,
  `full_name` varchar(255) DEFAULT NULL,
  `mobile` varchar(15) DEFAULT NULL,
  `email` varchar(100) DEFAULT NULL,
  `pincode` varchar(10) DEFAULT NULL,
  `flat_add` varchar(255) DEFAULT NULL,
  `street_add` varchar(500) DEFAULT NULL,
  `city` varchar(100) DEFAULT NULL,
  `state` varchar(100) DEFAULT NULL,
  `landmark` varchar(255) DEFAULT NULL,
  `address_type` int(11) DEFAULT NULL COMMENT '1=home, 2=office, 3=other',
  `status` int(11) DEFAULT NULL,
  `is_active` tinyint(1) DEFAULT NULL,
  `created_by` int(11) DEFAULT NULL,
  `updated_by` int(11) DEFAULT NULL,
  `created_at` timestamp NOT NULL DEFAULT CURRENT_TIMESTAMP,
  `updated_at` timestamp NOT NULL DEFAULT CURRENT_TIMESTAMP
) ENGINE=InnoDB DEFAULT CHARSET=latin1;

--
-- Dumping data for table `shipping_details`
--

INSERT INTO `shipping_details` (`id`, `user_id`, `full_name`, `mobile`, `email`, `pincode`, `flat_add`, `street_add`, `city`, `state`, `landmark`, `address_type`, `status`, `is_active`, `created_by`, `updated_by`, `created_at`, `updated_at`) VALUES
(1, 2, 'shahrukh khan', '8290447404', 'sktanwar.2014@gmail.com', '342001', 'nagori gate', 'kaga road', 'jodhpur', 'rajasthan', NULL, NULL, 1, 0, 2, NULL, '2020-03-31 11:03:34', '2020-03-31 11:03:34'),
(2, 2, 'Shahrukh Khan', '08290447404', 'sktanwar.2014@gmail.com', '342006', 'abbb', 'Kaga road outside nagori gate, jodhpur', 'Jodhpur', 'Rajasthan', NULL, NULL, 1, 1, 2, 2, '2020-03-31 11:04:28', '2020-03-31 11:04:28'),
(3, 5, 'Aditi datt', '70905558541', 'aditi@gmail.com', '350000', 'guru villa', '123, amrit nagar ', 'amritsar', 'Punjab', NULL, NULL, 1, 1, 5, 5, '2020-03-31 11:07:23', '2020-03-31 11:07:23'),
(4, 2, 'sohil khan', '2809055666', 'ssohil@gaamil.com', '340001', 'Anand Vihar', 'p.no. H144', 'Jodhpur', 'rajathan', NULL, NULL, 1, 0, 2, 2, '2020-03-31 11:10:58', '2020-03-31 11:10:58'),
(5, 2, 'Vijay Dalwani', '8451248512', 'vijay@gm.om', '340110', 'Rupa  nagar', '123', 'mumbai', 'Maharastra', NULL, NULL, 1, 0, 2, 2, '2020-03-31 11:48:49', '2020-03-31 11:48:49'),
(6, 2, 'Vijay Lalwani 2', '9000500100', 'vijay@gmail.com', '3401100', 'Rupa  nagar 2', '010, Rupa  nagar 2', 'Delhi', 'UP', NULL, NULL, 1, 0, 2, 2, '2020-04-08 12:04:53', '2020-04-08 12:04:53'),
(7, 2, 'Imran Khan', '80909002230', 'imran@gmail.com', '342001', 'bagar chowk', 'bta sagar', 'jodhpur', 'Rajasthan, India', NULL, NULL, 1, 0, 2, 2, '2020-04-08 12:41:04', '2020-04-08 12:41:04'),
(8, 2, 'Kamlesh Gehlot', '8009909090', 'kamleshgehlot@gmail.com', '342001', 'Pal Road, Jodhpur', '1234', 'Jodhpur', 'India', NULL, NULL, 1, 1, 2, 2, '2020-04-08 13:08:32', '2020-04-08 13:08:32'),
(9, 2, 'Vijay Lalwani 2', '9000500100', 'vijay@gmail.com', '3401100', 'Rupa  nagar 2', '010, Rupa  nagar 2', 'Delhi', 'UP', NULL, NULL, 1, 0, 2, NULL, '2020-04-15 08:08:40', '2020-04-15 08:08:40'),
(10, 5, 'Aditi Datt', '25874551515', 'aditi@gmail.com', '342001', '1st polo, paota', '103', 'jodhpur', 'Rajasthan', NULL, NULL, 1, 1, 5, 5, '2020-04-15 12:45:19', '2020-04-15 12:45:19'),
(11, 4, 'sdfasf sdfasdf', '234234234', 'asdfas@com', '2323', 'sdfasdf', 'asdfasd', 'sadfasdf', 'afsdfasf', NULL, NULL, 1, 1, 4, 4, '2020-04-22 10:24:32', '2020-04-22 10:24:32'),
(12, 5, '???? abhi', '1234', 'as@gmail.com', '123', 'ds', 'dsd', 'fds', 'sdsdfs', NULL, NULL, 1, 1, 5, NULL, '2020-05-07 03:28:17', '2020-05-07 03:28:17'),
(13, 5, 'abh sdsf', '123', '123@gmail.cok', '123', 'fdfd', 'fdf', 'fef', 'wwd', NULL, NULL, 1, 1, 5, 5, '2020-05-07 03:32:59', '2020-05-07 03:32:59'),
(14, 2, 'as swdw', '123', '123@gmail.com', '123', 'ds', 'sa', 'adxas', 'sa', NULL, NULL, 1, 1, 2, NULL, '2020-05-07 03:36:27', '2020-05-07 03:36:27'),
(15, 3, 'Praveen Trivedi', '0410317778', 'praveen.trivedi@gmail.com', '3150', 'Glen Waverley', '1/18 Lisbon Street', 'Melbourne', 'Victoria', NULL, NULL, 1, 1, 3, NULL, '2020-05-14 13:02:41', '2020-05-14 13:02:41');

-- --------------------------------------------------------

--
-- Table structure for table `unit_records`
--

CREATE TABLE `unit_records` (
  `id` int(11) NOT NULL,
  `unit_name` varchar(100) DEFAULT NULL,
  `default_weight` double DEFAULT NULL,
  `is_bundle` tinyint(1) DEFAULT NULL,
  `group_id` int(11) DEFAULT NULL,
  `sequence` int(11) DEFAULT NULL,
  `parent_id` int(11) DEFAULT NULL,
  `equal_value_of_parent` double DEFAULT NULL,
  `is_active` tinyint(1) DEFAULT NULL,
  `created_at` timestamp NOT NULL DEFAULT CURRENT_TIMESTAMP,
  `updated_at` timestamp NOT NULL DEFAULT CURRENT_TIMESTAMP
) ENGINE=InnoDB DEFAULT CHARSET=latin1;

--
-- Dumping data for table `unit_records`
--

INSERT INTO `unit_records` (`id`, `unit_name`, `default_weight`, `is_bundle`, `group_id`, `sequence`, `parent_id`, `equal_value_of_parent`, `is_active`, `created_at`, `updated_at`) VALUES
(1, 'KG', 1, 0, 1, 3, 9, 100, 1, '2020-04-16 04:40:22', '2020-04-16 04:40:22'),
(2, 'Grams', 100, 0, 1, 2, 1, 1000, 1, '2020-04-16 04:40:22', '2020-04-16 04:40:22'),
(3, 'Litre', 1, 0, 2, 2, 0, 0, 1, '2020-04-16 04:40:22', '2020-04-16 04:40:22'),
(4, 'Millilitre', 100, 0, 2, 1, 3, 1000, 1, '2020-04-16 04:40:22', '2020-04-16 04:40:22'),
(5, 'Piece', 1, 0, 3, 1, 0, 0, 1, '2020-04-16 04:40:22', '2020-04-16 04:40:22'),
(6, 'Box', 1, 1, 0, 0, 0, 0, 1, '2020-04-16 04:40:22', '2020-04-16 04:40:22'),
(7, 'Packet', 1, 1, 0, 0, 0, 0, 1, '2020-04-16 04:40:22', '2020-04-16 04:40:22'),
(8, 'Miligrams', 100, 0, 1, 1, 2, 1000, 1, '2020-04-16 04:40:22', '2020-04-16 04:40:22'),
(9, 'Quintal', 1, 0, 1, 4, 0, 0, 1, '2020-04-16 04:40:22', '2020-04-16 04:40:22');

-- --------------------------------------------------------

--
-- Table structure for table `users`
--

CREATE TABLE `users` (
  `id` bigint(20) NOT NULL,
  `name` varchar(255) DEFAULT NULL,
  `user_id` varchar(50) DEFAULT NULL,
  `password` blob,
  `token` varchar(255) DEFAULT NULL,
  `account_id` varchar(50) DEFAULT NULL,
  `role_id` int(11) DEFAULT NULL,
  `status` tinyint(4) DEFAULT NULL,
  `is_active` tinyint(4) DEFAULT NULL,
  `created_by` int(11) DEFAULT NULL,
  `updated_by` int(11) DEFAULT NULL,
  `created_at` timestamp NOT NULL DEFAULT CURRENT_TIMESTAMP,
  `updated_at` timestamp NOT NULL DEFAULT CURRENT_TIMESTAMP
) ENGINE=InnoDB DEFAULT CHARSET=latin1;

--
-- Dumping data for table `users`
--

INSERT INTO `users` (`id`, `name`, `user_id`, `password`, `token`, `account_id`, `role_id`, `status`, `is_active`, `created_by`, `updated_by`, `created_at`, `updated_at`) VALUES
(1, 'Master Admin', 'admin', 0xab3b0c3e8e3777e153c1c6a373e232b3, 'HFKASHFOIUERA934578NJKDHSFOY84HSKJHFA8Y3', 'FJASFKJHA', 1, 1, 1, 0, 0, '2020-03-26 09:29:55', '2020-03-26 09:29:55'),
(2, 'SHAHRUKH', 'shahrukh', 0x41579e3d233189c2e2c3af45c10c96c5, 'HFKASHFOIUERA9ADDS8NJKDHSFOY84HSKJHFA8Y3', 'DASFJKLSD', 2, 1, 1, 1, 0, '2020-03-26 09:29:55', '2020-03-26 09:29:55'),
(3, 'Ashutosh Vyas', 'avyas', 0x41579e3d233189c2e2c3af45c10c96c5, 'HFKASHFOIUERA934578NJKDHSFOY84HSKJHFA8Y3', 'FJASFKJHA', 2, 1, 1, 0, 0, '2020-03-26 09:29:55', '2020-03-26 09:29:55'),
(4, 'Varsha Bhati', 'varsha', 0x41579e3d233189c2e2c3af45c10c96c5, 'HFKASHFOIUERA9ADDS8NJKDHSFOY84HSKJHFA8Y3', 'DASFJKLSD', 2, 1, 1, 1, 0, '2020-03-26 09:29:55', '2020-03-26 09:29:55'),
(5, 'Aditi', 'aditi', 0x41579e3d233189c2e2c3af45c10c96c5, 'HFKASHFOIUERA9ADDS8NJKDHSFOY84HSKJHFA8Y3', 'DASFJKLSD', 2, 1, 1, 1, 0, '2020-03-26 09:29:55', '2020-03-26 09:29:55');

-- --------------------------------------------------------

--
-- Table structure for table `verified_product`
--

CREATE TABLE `verified_product` (
  `id` int(11) NOT NULL,
  `ordered_id` int(11) DEFAULT NULL,
  `delivered_id` int(11) DEFAULT NULL,
  `product_id` int(11) DEFAULT NULL,
  `quantity` double DEFAULT NULL,
  `unit_id` int(11) DEFAULT NULL,
  `is_active` int(11) DEFAULT NULL,
  `created_at` timestamp NULL DEFAULT CURRENT_TIMESTAMP
) ENGINE=InnoDB DEFAULT CHARSET=latin1;

--
-- Dumping data for table `verified_product`
--

INSERT INTO `verified_product` (`id`, `ordered_id`, `delivered_id`, `product_id`, `quantity`, `unit_id`, `is_active`, `created_at`) VALUES
(17, 6, 6, 151, 13, 1, 1, '2020-04-24 12:15:22'),
(18, 17, 13, 148, 29, 1, 1, '2020-04-25 08:19:22'),
(19, 18, 14, 151, 10, 1, 1, '2020-04-25 08:19:22'),
(20, 16, 15, 202, 12, 1, 1, '2020-04-25 08:19:22'),
(21, 13, 16, 238, 12, 1, 1, '2020-04-25 08:19:22'),
(22, 15, 17, 299, 12, 1, 1, '2020-04-25 08:19:22'),
(23, 14, 18, 369, 12, 1, 1, '2020-04-25 08:19:22'),
(24, 17, 13, 148, 6, 1, 1, '2020-04-25 08:30:07'),
(25, 18, 14, 151, 23, 1, 1, '2020-04-25 08:30:07'),
(26, 16, 15, 202, 4, 1, 1, '2020-04-25 08:30:07'),
(27, 13, 16, 238, 12, 1, 1, '2020-04-25 08:30:07'),
(28, 15, 17, 299, 30, 1, 1, '2020-04-25 08:30:07'),
(29, 14, 18, 369, 23, 1, 1, '2020-04-25 08:30:07'),
(30, 20, 19, 16, 10, 1, 1, '2020-04-27 12:15:05'),
(31, 19, 20, 151, 10, 1, 1, '2020-04-27 12:15:05'),
(32, 24, 21, 28, 20, 1, 1, '2020-04-27 13:26:20'),
(33, 25, 22, 31, 12, 1, 1, '2020-04-27 13:26:20'),
(34, 22, 23, 33, 12, 1, 1, '2020-04-27 13:26:20'),
(35, 23, 24, 35, 13, 1, 1, '2020-04-27 13:26:20'),
(36, 21, 25, 390, 20, 1, 1, '2020-04-27 13:26:20'),
(37, 26, 26, 391, 10, 1, 1, '2020-04-28 11:24:26'),
(38, 29, 27, 192, 1, 1, 1, '2020-04-29 02:59:37'),
(39, 28, 28, 193, 1, 1, 1, '2020-04-29 02:59:37'),
(40, 27, 29, 392, 20, 1, 1, '2020-04-29 02:59:37'),
(41, 30, 30, 153, 1, 1, 1, '2020-04-29 03:21:22'),
(42, 32, 31, 249, 10, 1, 1, '2020-04-29 03:21:22'),
(43, 34, 32, 253, 20, 1, 1, '2020-04-29 03:21:22'),
(44, 33, 33, 255, 5, 1, 1, '2020-04-29 03:21:22'),
(45, 31, 34, 298, 5, 1, 1, '2020-04-29 03:21:22'),
(46, 36, 35, 244, 23, 1, 1, '2020-04-29 03:54:20'),
(47, 35, 36, 259, 12, 1, 1, '2020-04-29 03:54:20'),
(48, 37, 37, 264, 20, 1, 1, '2020-04-29 03:54:20'),
(49, 40, 38, 271, 12, 1, 1, '2020-04-29 03:54:20'),
(50, 38, 39, 304, 11, 1, 1, '2020-04-29 03:54:20'),
(51, 42, 40, 318, 11, 1, 1, '2020-04-29 03:54:20'),
(52, 39, 41, 364, 12, 1, 1, '2020-04-29 03:54:20'),
(53, 41, 42, 373, 12, 1, 1, '2020-04-29 03:54:20'),
(54, 43, 43, 151, 10, 1, 1, '2020-05-01 08:03:33'),
(55, 44, 44, 152, 10, 1, 1, '2020-05-01 08:03:33'),
(56, 45, 45, 153, 8, 1, 1, '2020-05-01 08:03:33'),
(57, 55, 46, 41, 15, 1, 1, '2020-05-02 11:10:39'),
(58, 56, 47, 151, 25, 1, 1, '2020-05-02 11:13:05'),
(59, 57, 48, 152, 25, 1, 1, '2020-05-02 11:13:05'),
(60, 58, 49, 153, 25, 1, 1, '2020-05-02 11:13:05'),
(61, 59, 50, 250, 25, 1, 1, '2020-05-02 11:13:05'),
(62, 60, 51, 57, 13, 1, 1, '2020-05-02 11:15:48'),
(63, 64, 52, 151, 13, 1, 1, '2020-05-02 11:15:48'),
(64, 63, 53, 152, 13, 1, 1, '2020-05-02 11:15:48'),
(65, 62, 54, 153, 13, 1, 1, '2020-05-02 11:15:48'),
(66, 61, 55, 250, 13, 1, 1, '2020-05-02 11:15:48'),
(67, 66, 56, 135, 20, 1, 1, '2020-05-03 11:01:16'),
(68, 65, 57, 138, 20, 1, 1, '2020-05-03 11:01:16'),
(69, 111, 87, 16, 1, 1, 1, '2020-05-07 05:30:03'),
(70, 108, 88, 17, 2, 1, 1, '2020-05-07 05:30:03'),
(71, 106, 89, 21, 2, 1, 1, '2020-05-07 05:30:03'),
(72, 113, 90, 27, 2, 1, 1, '2020-05-07 05:30:03'),
(73, 102, 91, 46, 2, 1, 1, '2020-05-07 05:30:03'),
(74, 105, 92, 54, 2, 1, 1, '2020-05-07 05:30:03'),
(75, 104, 93, 57, 2, 1, 1, '2020-05-07 05:30:03'),
(76, 119, 94, 73, 2, 1, 1, '2020-05-07 05:30:03'),
(77, 112, 95, 96, 2, 1, 1, '2020-05-07 05:30:03'),
(78, 121, 96, 107, 2, 1, 1, '2020-05-07 05:30:03'),
(79, 107, 97, 148, 2, 1, 1, '2020-05-07 05:30:03'),
(80, 97, 98, 151, 2, 1, 1, '2020-05-07 05:30:03'),
(81, 98, 99, 152, 2, 1, 1, '2020-05-07 05:30:03'),
(82, 99, 100, 153, 2, 1, 1, '2020-05-07 05:30:04'),
(83, 118, 101, 202, 2, 1, 1, '2020-05-07 05:30:04'),
(84, 101, 102, 210, 2, 1, 1, '2020-05-07 05:30:04'),
(85, 100, 103, 250, 2, 1, 1, '2020-05-07 05:30:04'),
(86, 115, 104, 270, 2, 1, 1, '2020-05-07 05:30:04'),
(87, 120, 105, 282, 2, 1, 1, '2020-05-07 05:30:04'),
(88, 117, 106, 295, 2, 1, 1, '2020-05-07 05:30:04'),
(89, 103, 107, 298, 2, 1, 1, '2020-05-07 05:30:04'),
(90, 116, 108, 316, 2, 1, 1, '2020-05-07 05:30:04'),
(91, 110, 109, 324, 2, 1, 1, '2020-05-07 05:30:04'),
(92, 109, 110, 325, 2, 1, 1, '2020-05-07 05:30:04'),
(93, 114, 111, 392, 2, 1, 1, '2020-05-07 05:30:04'),
(94, 73, 58, 17, 3, 1, 1, '2020-05-07 05:39:03'),
(95, 71, 59, 21, 3, 1, 1, '2020-05-07 05:39:03'),
(96, 70, 60, 46, 3, 1, 1, '2020-05-07 05:39:03'),
(97, 72, 61, 148, 3, 1, 1, '2020-05-07 05:39:03'),
(98, 68, 62, 151, 3, 1, 1, '2020-05-07 05:39:03'),
(99, 77, 63, 185, 3, 1, 1, '2020-05-07 05:39:03'),
(100, 78, 64, 195, 3, 1, 1, '2020-05-07 05:39:03'),
(101, 69, 65, 210, 3, 1, 1, '2020-05-07 05:39:03'),
(102, 79, 66, 221, 3, 1, 1, '2020-05-07 05:39:03'),
(103, 83, 67, 236, 3, 1, 1, '2020-05-07 05:39:03'),
(104, 84, 68, 237, 3, 1, 1, '2020-05-07 05:39:03'),
(105, 82, 69, 238, 3, 1, 1, '2020-05-07 05:39:03'),
(106, 81, 70, 241, 3, 1, 1, '2020-05-07 05:39:03'),
(107, 80, 71, 242, 3, 1, 1, '2020-05-07 05:39:03'),
(108, 75, 72, 270, 3, 1, 1, '2020-05-07 05:39:03'),
(109, 74, 73, 316, 3, 1, 1, '2020-05-07 05:39:03'),
(110, 76, 74, 392, 3, 1, 1, '2020-05-07 05:39:03');

--
-- Indexes for dumped tables
--

--
-- Indexes for table `categories`
--
ALTER TABLE `categories`
  ADD PRIMARY KEY (`id`);

--
-- Indexes for table `delivered_product`
--
ALTER TABLE `delivered_product`
  ADD PRIMARY KEY (`id`);

--
-- Indexes for table `ordered_product`
--
ALTER TABLE `ordered_product`
  ADD PRIMARY KEY (`id`);

--
-- Indexes for table `orders`
--
ALTER TABLE `orders`
  ADD PRIMARY KEY (`id`);

--
-- Indexes for table `order_billing`
--
ALTER TABLE `order_billing`
  ADD PRIMARY KEY (`id`);

--
-- Indexes for table `order_status`
--
ALTER TABLE `order_status`
  ADD PRIMARY KEY (`id`);

--
-- Indexes for table `products`
--
ALTER TABLE `products`
  ADD PRIMARY KEY (`id`);

--
-- Indexes for table `products_measurement`
--
ALTER TABLE `products_measurement`
  ADD PRIMARY KEY (`id`);

--
-- Indexes for table `product_images`
--
ALTER TABLE `product_images`
  ADD PRIMARY KEY (`id`);

--
-- Indexes for table `product_tracking_state`
--
ALTER TABLE `product_tracking_state`
  ADD PRIMARY KEY (`id`);

--
-- Indexes for table `profile`
--
ALTER TABLE `profile`
  ADD PRIMARY KEY (`id`);

--
-- Indexes for table `purchase_register`
--
ALTER TABLE `purchase_register`
  ADD PRIMARY KEY (`id`);

--
-- Indexes for table `shipping_details`
--
ALTER TABLE `shipping_details`
  ADD PRIMARY KEY (`id`);

--
-- Indexes for table `unit_records`
--
ALTER TABLE `unit_records`
  ADD PRIMARY KEY (`id`);

--
-- Indexes for table `users`
--
ALTER TABLE `users`
  ADD PRIMARY KEY (`id`);

--
-- Indexes for table `verified_product`
--
ALTER TABLE `verified_product`
  ADD PRIMARY KEY (`id`);

--
-- AUTO_INCREMENT for dumped tables
--

--
-- AUTO_INCREMENT for table `categories`
--
ALTER TABLE `categories`
  MODIFY `id` int(11) NOT NULL AUTO_INCREMENT, AUTO_INCREMENT=120;

--
-- AUTO_INCREMENT for table `delivered_product`
--
ALTER TABLE `delivered_product`
  MODIFY `id` int(11) NOT NULL AUTO_INCREMENT, AUTO_INCREMENT=112;

--
-- AUTO_INCREMENT for table `ordered_product`
--
ALTER TABLE `ordered_product`
  MODIFY `id` bigint(20) NOT NULL AUTO_INCREMENT, AUTO_INCREMENT=156;

--
-- AUTO_INCREMENT for table `orders`
--
ALTER TABLE `orders`
  MODIFY `id` bigint(20) NOT NULL AUTO_INCREMENT, AUTO_INCREMENT=28;

--
-- AUTO_INCREMENT for table `order_billing`
--
ALTER TABLE `order_billing`
  MODIFY `id` bigint(20) NOT NULL AUTO_INCREMENT;

--
-- AUTO_INCREMENT for table `order_status`
--
ALTER TABLE `order_status`
  MODIFY `id` int(11) NOT NULL AUTO_INCREMENT, AUTO_INCREMENT=5;

--
-- AUTO_INCREMENT for table `products`
--
ALTER TABLE `products`
  MODIFY `id` int(11) NOT NULL AUTO_INCREMENT, AUTO_INCREMENT=398;

--
-- AUTO_INCREMENT for table `products_measurement`
--
ALTER TABLE `products_measurement`
  MODIFY `id` int(11) NOT NULL AUTO_INCREMENT, AUTO_INCREMENT=1097;

--
-- AUTO_INCREMENT for table `product_images`
--
ALTER TABLE `product_images`
  MODIFY `id` int(11) NOT NULL AUTO_INCREMENT, AUTO_INCREMENT=5;

--
-- AUTO_INCREMENT for table `product_tracking_state`
--
ALTER TABLE `product_tracking_state`
  MODIFY `id` int(11) NOT NULL AUTO_INCREMENT, AUTO_INCREMENT=7;

--
-- AUTO_INCREMENT for table `profile`
--
ALTER TABLE `profile`
  MODIFY `id` bigint(20) NOT NULL AUTO_INCREMENT, AUTO_INCREMENT=2;

--
-- AUTO_INCREMENT for table `purchase_register`
--
ALTER TABLE `purchase_register`
  MODIFY `id` int(11) NOT NULL AUTO_INCREMENT, AUTO_INCREMENT=110;

--
-- AUTO_INCREMENT for table `shipping_details`
--
ALTER TABLE `shipping_details`
  MODIFY `id` bigint(20) NOT NULL AUTO_INCREMENT, AUTO_INCREMENT=16;

--
-- AUTO_INCREMENT for table `unit_records`
--
ALTER TABLE `unit_records`
  MODIFY `id` int(11) NOT NULL AUTO_INCREMENT, AUTO_INCREMENT=10;

--
-- AUTO_INCREMENT for table `users`
--
ALTER TABLE `users`
  MODIFY `id` bigint(20) NOT NULL AUTO_INCREMENT, AUTO_INCREMENT=6;

--
-- AUTO_INCREMENT for table `verified_product`
--
ALTER TABLE `verified_product`
  MODIFY `id` int(11) NOT NULL AUTO_INCREMENT, AUTO_INCREMENT=111;
COMMIT;

/*!40101 SET CHARACTER_SET_CLIENT=@OLD_CHARACTER_SET_CLIENT */;
/*!40101 SET CHARACTER_SET_RESULTS=@OLD_CHARACTER_SET_RESULTS */;
/*!40101 SET COLLATION_CONNECTION=@OLD_COLLATION_CONNECTION */;
